序号|战法,附件类型,物品类型,附件参数,物品数量
id,nType,nGoodsType,sParam,nGoodsCount
int,int,int,string,int
1,1,2,1,250000
2,1,23,1,15
3,1,24,1,15
4,2,2,1,150000
5,2,23,1,12
6,2,24,1,10
7,3,2,1,150000
8,3,23,1,12
9,3,24,1,8
10,4,2,1,120000
11,4,23,1,8
12,4,24,1,5
13,5,2,1,120000
14,5,23,1,8
15,5,24,1,5
16,6,2,1,120000
17,6,23,1,8
18,6,24,1,5
19,7,2,1,80000
20,7,23,1,5
21,7,24,1,3
22,8,2,1,80000
23,8,23,1,5
24,8,24,1,3
25,9,2,1,80000
26,9,23,1,5
27,9,24,1,3
28,10,2,1,80000
29,10,23,1,5
30,10,24,1,3
31,20,3,1,20
32,20,2,1,10000
33,21,23,1,4
34,22,23,1,6
35,23,23,1,12
36,24,24,1,5
37,25,24,1,10
38,26,24,1,18
39,27,26,1,2
40,28,26,1,4
41,29,26,1,6
42,30,5,1,50
43,30,3,1,20
44,30,2,1,10000
45,11,2,1,100000
46,11,23,1,2
47,11,33,1,3
48,32,1,258 1 0,1
49,32,1,259 1 0,1
50,32,28,1,600
51,32,26,1,10
52,32,24,1,20
53,33,1,258 1 0,1
54,33,1,259 1 0,1
55,33,28,1,300
56,33,26,1,10
57,33,24,1,20
58,34,1,258 1 0,1
59,34,28,1,300
60,34,26,1,10
61,34,24,1,20
62,35,1,259 1 0,1
63,35,28,1,300
64,35,26,1,10
65,35,24,1,20
66,36,26,1,10
67,36,24,1,15
68,37,26,1,8
69,37,24,1,10
70,38,26,1,5
71,38,24,1,5
72,39,26,1,1
73,39,27,1,3
74,40,26,1,1
75,40,23,1,10
76,41,26,1,2
77,41,23,1,10
78,42,26,1,3
79,42,23,1,20
80,43,26,1,5
81,43,23,1,30
82,44,26,1,3
83,44,23,1,3
84,44,16,1,4
85,44,17,1,4
86,44,18,1,4
87,44,19,1,3
88,45,26,1,3
89,45,23,1,3
90,45,16,1,4
91,45,17,1,4
92,45,18,1,3
93,45,19,1,4
94,46,26,1,3
95,46,23,1,3
96,46,16,1,4
97,46,17,1,3
98,46,18,1,4
99,46,19,1,4
100,47,26,1,3
101,47,23,1,3
102,47,16,1,3
103,47,17,1,4
104,47,18,1,4
105,47,19,1,4
106,48,26,1,3
107,48,23,1,3
108,48,16,1,5
109,48,17,1,5
110,48,18,1,5
111,49,26,1,3
112,49,23,1,3
113,49,16,1,5
114,49,17,1,5
115,49,19,1,5
116,50,26,1,3
117,50,23,1,3
118,50,16,1,5
119,50,18,1,5
120,50,19,1,5
121,51,26,1,3
122,51,23,1,3
123,51,16,1,3
124,51,18,1,5
125,51,19,1,7
126,52,26,1,3
127,52,23,1,3
128,52,16,1,3
129,52,18,1,5
130,52,19,1,7
131,53,26,1,3
132,53,23,1,3
133,53,16,1,3
134,53,18,1,6
135,53,19,1,6
136,54,26,1,3
137,54,23,1,3
138,54,16,1,3
139,54,17,1,5
140,54,19,1,7
141,55,26,1,3
142,55,23,1,3
143,55,16,1,3
144,55,17,1,5
145,55,19,1,7
146,56,26,1,3
147,56,23,1,3
148,56,16,1,3
149,56,17,1,6
150,56,19,1,6
151,57,26,1,3
152,57,23,1,3
153,57,16,1,3
154,57,17,1,5
155,57,18,1,7
156,58,26,1,3
157,58,23,1,3
158,58,16,1,3
159,58,17,1,7
160,58,18,1,5
161,59,26,1,2
162,59,23,1,2
163,59,16,1,3
164,59,17,1,3
165,59,18,1,3
166,59,19,1,3
167,60,26,1,2
168,60,23,1,2
169,60,16,1,2
170,60,17,1,2
171,60,18,1,4
172,60,19,1,4
173,61,26,1,2
174,61,23,1,2
175,61,16,1,2
176,61,17,1,4
177,61,18,1,2
178,61,19,1,4
179,62,26,1,2
180,62,23,1,2
181,62,16,1,2
182,62,17,1,4
183,62,18,1,4
184,62,19,1,2
185,63,26,1,2
186,63,23,1,2
187,63,16,1,3
188,63,17,1,5
189,63,18,1,4
190,64,26,1,2
191,64,23,1,2
192,64,16,1,3
193,64,17,1,4
194,64,18,1,5
195,65,26,1,2
196,65,23,1,2
197,65,16,1,2
198,65,17,1,2
199,65,18,1,3
200,65,19,1,3
201,66,26,1,2
202,66,23,1,2
203,66,16,1,2
204,66,17,1,3
205,66,18,1,2
206,66,19,1,3
207,67,26,1,2
208,67,23,1,2
209,67,16,1,2
210,67,17,1,3
211,67,18,1,3
212,67,19,1,2
213,68,26,1,2
214,68,23,1,2
215,68,16,1,1
216,68,17,1,3
217,68,18,1,3
218,68,19,1,3
219,69,26,1,2
220,69,23,1,2
221,69,16,1,4
222,69,17,1,2
223,69,18,1,2
224,69,19,1,2
225,70,26,1,2
226,70,23,1,2
227,70,16,1,3
228,70,17,1,4
229,70,18,1,3
230,71,26,1,2
231,71,23,1,2
232,71,16,1,4
233,71,17,1,3
234,71,18,1,3
235,72,26,1,2
236,72,23,1,2
237,72,16,1,3
238,72,17,1,3
239,72,18,1,4
240,73,26,1,1
241,73,23,1,2
242,73,16,1,3
243,73,17,1,3
244,73,18,1,2
245,74,26,1,1
246,74,23,1,2
247,74,16,1,3
248,74,17,1,2
249,74,18,1,3
250,75,26,1,1
251,75,23,1,2
252,75,16,1,2
253,75,17,1,3
254,75,18,1,3
255,76,26,1,1
256,76,23,1,2
257,76,16,1,1
258,76,17,1,2
259,76,18,1,2
260,76,19,1,3
261,77,26,1,1
262,77,23,1,2
263,77,16,1,1
264,77,17,1,2
265,77,18,1,3
266,77,19,1,2
267,78,26,1,1
268,78,23,1,2
269,78,16,1,1
270,78,17,1,3
271,78,18,1,2
272,78,19,1,2
273,79,26,1,1
274,79,23,1,2
275,79,16,1,2
276,79,17,1,2
277,79,18,1,2
278,79,19,1,2
279,80,26,1,1
280,80,23,1,2
281,80,16,1,2
282,80,17,1,2
283,80,18,1,2
284,80,19,1,2
285,81,26,1,1
286,81,23,1,2
287,81,16,1,2
288,81,17,1,2
289,81,18,1,2
290,81,19,1,2
291,82,26,1,1
292,82,23,1,2
293,82,16,1,2
294,82,17,1,2
295,82,18,1,2
296,82,19,1,2
297,83,27,1,3
298,83,23,1,1
299,83,16,1,2
300,83,17,1,2
301,83,18,1,2
302,84,27,1,3
303,84,23,1,1
304,84,16,1,1
305,84,17,1,1
306,84,18,1,2
307,84,19,1,2
308,85,27,1,3
309,85,23,1,1
310,85,16,1,1
311,85,17,1,2
312,85,18,1,1
313,85,19,1,2
314,86,27,1,3
315,86,23,1,1
316,86,16,1,1
317,86,17,1,2
318,86,18,1,2
319,86,19,1,1
320,87,27,1,2
321,87,16,1,1
322,87,17,1,1
323,87,18,1,1
324,87,19,1,2
325,88,27,1,2
326,88,16,1,1
327,88,17,1,1
328,88,18,1,2
329,88,19,1,1
330,89,27,1,2
331,89,16,1,1
332,89,17,1,2
333,89,18,1,1
334,89,19,1,1
335,90,27,1,2
336,90,16,1,1
337,90,17,1,1
338,90,18,1,1
339,90,19,1,2
340,91,27,1,2
341,91,16,1,1
342,91,17,1,1
343,91,18,1,2
344,91,19,1,1
345,92,27,1,2
346,92,16,1,1
347,92,17,1,2
348,92,18,1,1
349,92,19,1,1
350,93,27,1,2
351,93,16,1,3
352,93,17,1,2
353,94,27,1,2
354,94,16,1,3
355,94,18,1,2
356,95,27,1,2
357,95,16,1,2
358,95,19,1,3
359,96,27,1,1
360,96,16,1,1
361,96,17,1,1
362,96,18,1,1
363,97,27,1,1
364,97,16,1,1
365,97,17,1,2
366,98,27,1,1
367,98,16,1,1
368,98,18,1,2
369,99,27,1,1
370,99,16,1,1
371,99,19,1,2
372,100,27,1,1
373,100,17,1,3
374,101,27,1,1
375,101,18,1,3
376,102,27,1,1
377,102,19,1,3
378,103,27,1,1
379,103,16,1,1
380,103,17,1,1
381,103,18,1,1
382,104,1,23 1 0,1
383,105,5,1,100
384,107,26,1,5
385,107,27,1,5
386,108,26,1,8
387,108,27,1,10
388,108,24,1,5
389,109,16,1,5
390,109,17,1,10
391,109,18,1,10
392,109,19,1,20
393,109,23,1,30
394,110,1,1 1 0,1
395,111,1,1 1 0,1
396,112,18,1,10
397,112,19,1,10
398,113,16,1,10
399,113,17,1,10
400,113,24,1,10
401,114,27,1,8
402,114,3,1,20
403,115,26,1,6
404,115,3,1,40
405,115,24,1,5
406,116,26,1,9
407,116,27,1,7
408,116,24,1,5
409,116,2,1,200000
410,126,5,1,5000
411,127,5,1,10000
412,128,5,1,25000
413,129,5,1,1000
414,129,2,1,2000000
415,130,3,1,40
416,131,2,1,200000
417,132,27,1,5
418,133,28,1,20
419,134,27,1,3
420,135,2,1,300000
421,136,28,1,20
422,137,16,1,8
423,138,27,1,3
424,139,26,1,3
425,139,24,1,5
426,140,26,1,5
427,140,19,1,5
428,140,28,1,20
429,141,27,1,10
430,142,1,283 1 0,1
431,142,1,284 1 0,1
432,142,28,1,600
433,142,26,1,10
434,142,24,1,20
435,143,1,283 1 0,1
436,143,1,284 1 0,1
437,143,28,1,300
438,143,26,1,10
439,143,24,1,20
440,144,1,283 1 0,1
441,144,28,1,300
442,144,26,1,10
443,144,24,1,20
444,145,1,284 1 0,1
445,145,28,1,300
446,145,26,1,10
447,145,24,1,20
448,146,26,1,10
449,146,24,1,15
450,147,26,1,8
451,147,24,1,10
452,148,26,1,5
453,148,24,1,5
454,149,26,1,1
455,149,27,1,3
456,149,5,1,50
457,150,26,1,1
458,150,23,1,10
459,150,5,1,100
460,151,26,1,2
461,151,23,1,10
462,151,5,1,150
463,152,26,1,3
464,152,23,1,20
465,152,5,1,250
466,153,26,1,5
467,153,23,1,30
468,153,5,1,400
469,154,28,1,300
470,154,1,18 1 0,1
471,154,1,263 1 0,1
472,155,26,1,2
473,155,21,1,5
474,156,1,35 1 0,1
475,156,3,1,60
476,157,3,1,40
477,158,2,1,100000
478,159,27,1,2
479,160,23,1,10
480,161,28,1,30
481,162,2,1,200000
482,163,21,1,10
483,164,26,1,10
484,165,27,1,3
485,166,26,1,3
486,167,21,1,15
487,168,24,1,10
488,168,23,1,20
489,169,26,1,10
490,169,28,1,100
491,170,16,1,20
492,170,28,1,200
493,171,24,1,20
494,171,21,1,30
495,172,28,1,300
496,172,1,10 1 0,1
497,172,1,295 1 0,1
498,173,1,311 1 0,1
499,173,1,312 1 0,1
500,173,28,1,600
501,173,26,1,10
502,173,24,1,20
503,174,1,311 1 0,1
504,174,1,312 1 0,1
505,174,28,1,300
506,174,26,1,10
507,174,24,1,20
508,175,1,311 1 0,1
509,175,28,1,300
510,175,26,1,10
511,175,24,1,20
512,176,1,312 1 0,1
513,176,28,1,300
514,176,26,1,10
515,176,24,1,20
516,177,26,1,10
517,177,24,1,15
518,178,26,1,8
519,178,24,1,10
520,179,26,1,5
521,179,24,1,5
522,180,5,1,5000
523,181,5,1,10000
524,182,5,1,25000
525,183,5,1,5000
526,184,5,1,10000
527,185,5,1,25000
528,186,1,201 1 0,1
529,187,1,198 1 0,1
530,188,1,202 1 0,1
531,189,3,1,40
532,189,28,1,20
533,190,26,1,2
534,190,27,1,1
535,191,3,1,20
536,191,28,1,50
537,192,3,1,40
538,192,23,1,50
539,193,3,1,40
540,193,24,1,25
541,194,28,1,30
542,195,24,1,4
543,196,27,1,4
544,197,26,1,3
545,198,28,1,20
546,199,27,1,2
547,200,3,1,40
548,201,26,1,3
549,202,21,1,15
550,203,28,1,30
551,204,24,1,4
552,205,27,1,4
553,206,26,1,3
554,207,1,318 1 0,1
555,207,1,319 1 0,1
556,207,28,1,600
557,207,26,1,10
558,207,24,1,20
559,208,1,318 1 0,1
560,208,1,319 1 0,1
561,208,28,1,300
562,208,26,1,10
563,208,24,1,20
564,209,1,318 1 0,1
565,209,28,1,300
566,209,26,1,10
567,209,24,1,20
568,210,1,319 1 0,1
569,210,28,1,300
570,210,26,1,10
571,210,24,1,20
572,211,26,1,10
573,211,24,1,15
574,212,26,1,8
575,212,24,1,10
576,213,26,1,5
577,213,24,1,5
578,214,3,1,60
579,215,3,1,60
580,216,3,1,60
581,217,3,1,60
582,218,3,1,60
583,219,28,1,30
584,220,3,1,200
585,221,26,1,10
586,222,16,1,30
587,223,24,1,15
588,224,2,1,2000000
589,225,16,1,30
590,226,5,1,5000
591,227,5,1,10000
592,228,5,1,25000
593,229,5,1,5000
594,230,5,1,10000
595,231,5,1,25000
596,232,27,1,15
597,233,3,1,150
598,233,18,1,50
599,234,28,1,300
600,234,1,303 1 0,1
601,235,3,1,150
602,236,3,1,200
603,236,19,1,30
604,237,3,1,350
605,237,26,1,20
606,238,5,1,50
607,239,1,44 1 0,1
608,240,1,46 1 0,1
609,241,1,1 1 0,1
610,242,1,329 1 0,1
611,242,1,330 1 0,1
612,242,28,1,600
613,242,26,1,10
614,242,24,1,20
615,243,1,329 1 0,1
616,243,1,330 1 0,1
617,243,28,1,300
618,243,26,1,10
619,243,24,1,20
620,244,1,329 1 0,1
621,244,28,1,300
622,244,26,1,10
623,244,24,1,20
624,245,1,330 1 0,1
625,245,28,1,300
626,245,26,1,10
627,245,24,1,20
628,246,26,1,10
629,246,24,1,15
630,247,26,1,8
631,247,24,1,10
632,248,26,1,5
633,248,24,1,5
634,249,5,1,1000
635,250,5,1,750
636,251,5,1,600
637,252,5,1,250
638,253,5,1,250
639,254,5,1,250
640,255,5,1,250
641,256,5,1,250
642,257,5,1,250
643,258,5,1,250
644,259,2,1,4000000
645,260,2,1,3000000
646,261,2,1,2500000
647,262,2,1,1000000
648,263,2,1,1000000
649,264,2,1,1000000
650,265,2,1,1000000
651,266,2,1,1000000
652,267,2,1,1000000
653,268,2,1,1000000
654,279,3,1,100
655,279,27,1,3
656,280,26,1,5
657,280,24,1,20
658,281,19,1,50
659,282,32,3,100
660,282,2,1,1000000
661,283,27,1,5
662,284,19,1,30
663,285,3,1,40
664,285,32,14,50
665,286,16,1,10
666,286,1,304 1 0,1
667,287,27,1,5
668,288,3,1,60
669,288,2,1,600000
670,289,26,1,10
671,289,18,1,30
672,290,3,1,200
673,290,32,20,100
674,291,27,1,4
675,292,26,1,4
676,293,19,1,50
677,294,32,9,100
678,295,1,22 1 0,1
679,296,27,1,6
680,297,26,1,4
681,5010,26,1,3
682,5010,3,1,30
683,5011,5,1,2000
684,5011,28,1,300
685,5011,29,1,20
686,5012,5,1,1000
687,5012,28,1,250
688,5012,29,1,15
689,5013,5,1,500
690,5013,28,1,200
691,5013,29,1,10
692,5014,5,1,300
693,5014,28,1,150
694,5014,29,1,5
695,298,27,1,5
696,299,3,1,50
697,299,26,1,5
698,300,2,1,800000
699,300,19,1,50
700,301,16,1,30
701,301,1,340 1 0,1
702,302,27,1,4
703,303,1,346 1 0,1
704,303,1,347 1 0,1
705,303,28,1,600
706,303,26,1,10
707,303,24,1,20
708,303,29,1,30
709,304,1,346 1 0,1
710,304,1,347 1 0,1
711,304,28,1,300
712,304,26,1,10
713,304,24,1,20
714,304,29,1,15
715,305,1,346 1 0,1
716,305,28,1,300
717,305,26,1,10
718,305,24,1,20
719,305,29,1,5
720,306,1,347 1 0,1
721,306,28,1,300
722,306,26,1,10
723,306,24,1,20
724,306,29,1,5
725,307,26,1,10
726,307,24,1,15
727,308,26,1,8
728,308,24,1,10
729,309,26,1,5
730,309,24,1,5
731,310,26,1,4
732,311,27,1,5
733,312,26,1,3
734,312,19,1,50
735,313,34,1,2
736,313,18,1,50
737,314,16,1,20
738,314,1,329 1 0,1
739,315,23,1,80
740,316,27,1,5
741,317,26,1,2
742,317,19,1,20
743,318,18,1,40
744,318,28,1,300
745,319,3,1,200
746,319,32,29,100
747,320,26,1,4
748,321,23,1,30
749,322,5,1,100
750,323,27,1,3
751,324,26,1,1
752,324,27,1,3
753,325,28,1,100
754,326,1,6 1 0,1
755,327,26,1,4
756,328,3,1,20
757,329,27,1,10
758,330,26,1,6
759,330,34,1,3
760,331,1,311 1 0,1
761,332,1,307 1 0,1
762,332,1,308 1 0,1
763,332,28,1,600
764,332,26,1,10
765,332,24,1,20
766,332,29,1,30
767,333,1,307 1 0,1
768,333,1,308 1 0,1
769,333,28,1,300
770,333,26,1,10
771,333,24,1,20
772,333,29,1,15
773,334,1,307 1 0,1
774,334,28,1,300
775,334,26,1,10
776,334,24,1,20
777,334,29,1,5
778,335,1,308 1 0,1
779,335,28,1,300
780,335,26,1,10
781,335,24,1,20
782,335,29,1,5
783,336,26,1,10
784,336,24,1,15
785,337,26,1,8
786,337,24,1,10
787,338,26,1,5
788,338,24,1,5
789,5020,34,1,2
790,5021,34,1,1
791,5021,33,1,3
792,5022,34,1,1
793,5022,33,1,1
794,5023,33,1,6
795,5024,33,1,6
796,5025,33,1,4
797,5026,33,1,4
798,5027,33,1,4
799,5028,33,1,4
800,5029,33,1,4
801,5030,33,1,2
802,339,24,1,4
803,340,28,1,50
804,341,27,1,4
805,342,26,1,3
806,343,26,1,3
807,343,3,1,50
808,344,24,1,40
809,345,34,1,5
810,345,28,1,50
811,346,16,1,30
812,5701,36,1,30
813,5702,36,1,100
814,5703,36,1,250
815,5704,36,1,400
816,5711,32,11,5
817,5712,32,20,5
818,5713,32,17,5
819,5714,39,1,10
820,347,27,1,5
821,347,3,1,60
822,348,19,1,50
823,348,28,1,100
824,349,16,1,20
825,349,34,1,3
826,350,23,1,80
827,351,27,1,4
828,351,3,1,20
829,352,28,1,100
830,352,19,1,30
831,353,34,1,5
832,353,2,1,1000000
833,354,1,254 1 0,1
834,354,1,255 1 0,1
835,354,28,1,600
836,354,26,1,10
837,354,24,1,20
838,354,29,1,30
839,355,1,254 1 0,1
840,355,1,255 1 0,1
841,355,28,1,300
842,355,26,1,10
843,355,24,1,20
844,355,29,1,15
845,356,1,255 1 0,1
846,356,28,1,300
847,356,26,1,10
848,356,24,1,20
849,356,29,1,5
850,357,1,254 1 0,1
851,357,28,1,300
852,357,26,1,10
853,357,24,1,20
854,357,29,1,5
855,358,26,1,10
856,358,24,1,15
857,359,26,1,8
858,359,24,1,10
859,360,26,1,5
860,360,24,1,5
861,361,1,354 1 0,1
862,361,1,355 1 0,1
863,361,28,1,600
864,361,26,1,10
865,361,24,1,20
866,361,29,1,30
867,362,1,354 1 0,1
868,362,1,355 1 0,1
869,362,28,1,300
870,362,26,1,10
871,362,24,1,20
872,362,29,1,15
873,363,1,354 1 0,1
874,363,28,1,300
875,363,26,1,10
876,363,24,1,20
877,363,29,1,5
878,364,1,355 1 0,1
879,364,28,1,300
880,364,26,1,10
881,364,24,1,20
882,364,29,1,5
883,365,26,1,10
884,365,24,1,15
885,366,26,1,8
886,366,24,1,10
887,367,26,1,5
888,367,24,1,5
889,368,27,1,5
890,369,26,1,6
891,369,3,1,60
892,370,24,1,60
893,370,28,1,100
894,371,19,1,50
895,371,34,1,3
896,372,24,1,4
897,373,23,1,20
898,374,27,1,4
899,375,26,1,3
900,376,27,1,6
901,377,28,1,80
902,378,24,1,10
903,379,33,1,8
904,380,3,1,60
905,381,2,1,500000
906,381,27,1,3
907,382,34,1,3
908,382,26,1,5
909,383,24,1,80
910,384,3,1,60
911,385,27,1,20
912,386,16,1,30
913,386,28,1,50
914,387,5,1,5000
915,388,5,1,10000
916,389,5,1,25000
917,390,5,1,5000
918,391,5,1,10000
919,392,5,1,25000
920,393,5,1,5000
921,394,5,1,10000
922,395,5,1,25000
923,396,1,311 1 0,1
924,396,1,312 1 0,1
925,396,28,1,600
926,396,26,1,10
927,396,24,1,20
928,396,29,1,30
929,397,1,311 1 0,1
930,397,1,312 1 0,1
931,397,28,1,300
932,397,26,1,10
933,397,24,1,20
934,397,29,1,15
935,398,1,312 1 0,1
936,398,28,1,300
937,398,26,1,10
938,398,24,1,20
939,398,29,1,5
940,399,1,311 1 0,1
941,399,28,1,300
942,399,26,1,10
943,399,24,1,20
944,399,29,1,5
945,400,26,1,10
946,400,24,1,15
947,401,26,1,8
948,401,24,1,10
949,402,26,1,5
950,402,24,1,5
951,403,26,1,4
952,404,5,1,50
953,405,1,44 1 0,1
954,406,1,46 1 0,1
955,407,1,21 1 0,1
956,408,24,1,6
957,409,27,1,20
958,410,16,1,30
959,410,28,1,50
960,411,26,1,3
961,411,27,1,1
962,412,24,1,40
963,413,34,1,5
964,413,28,1,50
965,414,16,1,30
966,415,24,1,2
967,416,23,1,10
968,417,27,1,3
969,418,26,1,2
970,419,24,1,6
971,420,27,1,20
972,421,16,1,30
973,421,28,1,50
974,422,26,1,4
975,423,1,346 1 0,1
976,423,1,347 1 0,1
977,423,28,1,600
978,423,26,1,10
979,423,24,1,20
980,423,29,1,30
981,424,1,346 1 0,1
982,424,1,347 1 0,1
983,424,28,1,300
984,424,26,1,10
985,424,24,1,20
986,424,29,1,15
987,425,1,346 1 0,1
988,425,28,1,300
989,425,26,1,10
990,425,24,1,20
991,425,29,1,5
992,426,1,347 1 0,1
993,426,28,1,300
994,426,26,1,10
995,426,24,1,20
996,426,29,1,5
997,427,26,1,10
998,427,24,1,15
999,428,26,1,8
1000,428,24,1,10
1001,429,26,1,5
1002,429,24,1,5
1003,430,24,1,4
1004,431,1,20 1 0,1
1005,432,1,24 1 0,1
1006,433,1,18 1 0,1
1007,434,24,1,8
1008,435,26,1,6
1009,435,24,1,10
1010,436,19,1,50
1011,436,24,1,20
1012,437,26,1,2
1013,438,26,1,4
1014,439,24,1,40
1015,440,34,1,5
1016,440,26,1,1
1017,441,16,1,30
1018,442,27,1,4
1019,443,24,1,12
1020,444,16,1,5
1021,444,17,1,5
1022,444,18,1,5
1023,444,19,1,10
1024,445,26,1,8
1025,445,34,1,3
1026,446,26,1,4
1027,447,24,1,4
1028,447,27,1,2
1029,447,23,1,10
1030,448,33,1,5
1031,448,27,1,2
1032,449,34,1,1
1033,449,26,1,1
1034,449,27,1,2
1035,450,1,340 1 0,1
1036,450,1,341 1 0,1
1037,450,28,1,600
1038,450,26,1,10
1039,450,24,1,20
1040,450,29,1,30
1041,451,1,340 1 0,1
1042,451,1,341 1 0,1
1043,451,28,1,300
1044,451,26,1,10
1045,451,24,1,20
1046,451,29,1,15
1047,452,1,341 1 0,1
1048,452,28,1,300
1049,452,26,1,10
1050,452,24,1,20
1051,452,29,1,5
1052,453,1,340 1 0,1
1053,453,28,1,300
1054,453,26,1,10
1055,453,24,1,20
1056,453,29,1,5
1057,454,26,1,10
1058,454,24,1,15
1059,455,26,1,8
1060,455,24,1,10
1061,456,26,1,5
1062,456,24,1,5
1063,5800,1,5002 1 0,1
1064,5715,5,1,58
1065,5716,2,1,30000
1066,5717,1,5005 1 0,1
1067,5718,1,251 1 0,1
1068,5719,1,300 1 0,1
1069,5720,1,175 1 0,1
1070,5720,1,190 1 0,1
1071,5720,1,181 1 0,1
1072,5721,1,28 1 0,1
1073,5721,1,307 1 0,1
1074,5721,1,308 1 0,1
1075,5722,1,315 1 0,1
1076,5722,1,384 1 0,1
1077,5722,1,385 1 0,1
1078,5723,1,67 1 0,1
1079,5723,1,396 1 0,1
1080,5723,1,397 1 0,1
1081,5724,1,3 1 0,1
1082,5724,1,287 1 0,1
1083,5724,1,288 1 0,1
1084,5725,1,23 1 0,1
1085,5725,1,425 1 0,1
1086,5725,1,426 1 0,1
1087,5726,1,46 1 0,1
1088,5727,1,326 1 0,1
1089,5727,1,344 1 0,1
1090,5728,1,10 1 0,1
1091,5728,1,295 1 0,1
1092,5728,1,296 1 0,1
1093,5729,1,48 1 0,1
1094,5730,1,135 1 0,1
1095,5731,1,34 1 0,1
1096,5731,1,318 1 0,1
1097,5731,1,319 1 0,1
1098,5732,1,279 1 0,1
1099,5733,1,77 1 0,1
1100,5733,1,354 1 0,1
1101,5733,1,355 1 0,1
1102,5734,1,316 1 0,1
1103,5734,1,409 1 0,1
1104,5735,32,7,5
1105,5736,1,31 1 0,1
1106,5737,1,19 1 0,1
1107,5737,1,258 1 0,1
1108,5737,1,259 1 0,1
1109,5738,1,206 1 0,1
1110,5738,1,376 1 0,1
1111,5738,1,377 1 0,1
1112,5739,1,44 1 0,1
1113,5739,1,380 1 0,1
1114,5739,1,381 1 0,1
1115,5740,1,11 1 0,1
1116,5740,1,340 1 0,1
1117,5740,1,341 1 0,1
1118,5741,1,74 1 0,1
1119,5742,1,49 1 0,1
1120,5742,1,388 1 0,1
1121,5742,1,389 1 0,1
1122,5743,1,9 1 0,1
1123,5743,1,274 1 0,1
1124,5743,1,275 1 0,1
1125,5744,1,24 1 0,1
1126,5744,1,365 1 0,1
1127,5744,1,366 1 0,1
1128,5745,1,245 1 0,1
1129,5746,1,98 1 0,1
1130,5747,1,2 1 0,1
1131,5747,1,283 1 0,1
1132,5747,1,284 1 0,1
1133,5748,1,17 1 0,1
1134,5749,1,7 1 0,1
1135,5749,1,311 1 0,1
1136,5749,1,312 1 0,1
1137,5750,1,15 1 0,1
1138,5751,1,61 1 0,1
1139,5752,1,78 1 0,1
1140,5753,1,302 1 0,1
1141,5754,1,35 1 0,1
1142,5754,1,417 1 0,1
1143,5754,1,413 1 0,1
1144,5755,1,345 1 0,1
1145,5756,1,52 1 0,1
1146,5757,1,21 1 0,1
1147,5757,1,270 1 0,1
1148,5757,1,271 1 0,1
1149,5758,1,279 1 0,1
1150,5759,1,14 1 0,1
1151,5759,1,346 1 0,1
1152,5759,1,347 1 0,1
1153,5760,1,20 1 0,1
1154,5760,1,392 1 0,1
1155,5760,1,393 1 0,1
1156,5761,1,26 1 0,1
1157,5761,1,421 1 0,1
1158,5761,1,422 1 0,1
1159,5762,1,36 1 0,1
1160,5763,1,281 1 0,1
1161,5764,1,8 1 0,1
1162,5764,1,329 1 0,1
1163,5764,1,330 1 0,1
1164,5765,1,246 1 0,1
1165,5766,1,203 1 0,1
1166,5767,1,250 1 0,1
1167,5768,1,1 1 0,1
1168,5768,1,254 1 0,1
1169,5768,1,255 1 0,1
1170,5769,1,25 1 0,1
1171,5770,1,4 1 0,1
1172,5770,1,303 1 0,1
1173,5770,1,304 1 0,1
1174,5771,1,18 1 0,1
1175,5771,1,262 1 0,1
1176,5771,1,263 1 0,1
1177,5772,1,22 1 0,1
1178,5772,1,322 1 0,1
1179,5772,1,323 1 0,1
1180,5773,1,299 1 0,1
1181,5773,1,47 1 0,1
1182,5774,1,5 1 0,1
1183,5774,1,291 1 0,1
1184,5774,1,292 1 0,1
1185,5775,1,316 1 0,1
1186,5775,1,410 1 0,1
1187,5776,1,253 1 0,1
1188,5777,1,248 1 0,1
1189,5778,1,204 1 0,1
1190,5779,1,6 1 0,1
1191,5779,1,266 1 0,1
1192,5779,1,267 1 0,1
1193,5780,1,12 1 0,1
1194,5780,1,358 1 0,1
1195,5780,1,359 1 0,1
1196,5781,1,247 1 0,1
1197,5782,2,1,300000
1198,5783,1,55 1 0,1
1199,5784,1,69 1 0,1
1200,5784,1,401 1 0,1
1201,5784,1,402 1 0,1
1202,5785,1,16 1 0,1
1203,5785,1,405 1 0,1
1204,5785,1,406 1 0,1
1205,5786,1,27 1 0,1
1206,5786,1,371 1 0,1
1207,5786,1,372 1 0,1
1208,5787,1,54 1 0,1
1209,5787,1,65 1 0,1
1210,5787,1,97 1 0,1
1211,5788,1,13 1 0,1
1212,5788,1,336 1 0,1
1213,5788,1,337 1 0,1
1214,458,33,1,4
1215,458,27,1,4
1216,459,34,1,1
1217,459,33,1,5
1218,460,26,1,4
1219,460,27,1,8
1220,461,16,1,8
1221,461,17,1,8
1222,461,18,1,8
1223,461,19,1,8
1224,462,24,1,5
1225,463,1,49 1 0,1
1226,464,1,16 1 0,1
1227,465,1,2 1 0,1
1228,466,27,1,5
1229,467,26,1,6
1230,467,3,1,60
1231,468,24,1,50
1232,468,28,1,100
1233,469,19,1,50
1234,469,34,1,3
1235,470,27,1,2
1236,471,26,1,2
1237,472,19,1,20
1238,472,2,1,100000
1239,473,17,1,5
1240,473,18,1,5
1241,473,39,1,10
1242,474,16,1,8
1243,474,38,1,2
1244,474,28,1,50
1245,475,26,1,2
1246,475,24,1,8
1247,475,2,1,100000
1248,476,26,1,1
1249,476,27,1,1
1250,477,34,1,1
1251,477,33,1,1
1252,478,19,1,20
1253,478,2,1,500000
1254,479,24,1,20
1255,479,38,1,3
1256,480,1,329 1 0,1
1257,480,1,330 1 0,1
1258,480,28,1,600
1259,480,26,1,10
1260,480,24,1,20
1261,480,29,1,30
1262,481,1,329 1 0,1
1263,481,1,330 1 0,1
1264,481,28,1,300
1265,481,26,1,10
1266,481,24,1,20
1267,481,29,1,15
1268,482,1,330 1 0,1
1269,482,28,1,300
1270,482,26,1,10
1271,482,24,1,20
1272,482,29,1,5
1273,483,1,329 1 0,1
1274,483,28,1,300
1275,483,26,1,10
1276,483,24,1,20
1277,483,29,1,5
1278,484,26,1,10
1279,484,24,1,15
1280,485,26,1,8
1281,485,24,1,10
1282,486,26,1,5
1283,486,24,1,5
1284,487,24,1,4
1285,488,19,1,4
1286,489,18,1,4
1287,490,17,1,4
1288,491,16,1,4
1289,492,27,1,2
1290,492,24,1,3
1291,493,26,1,2
1292,494,29,1,2
1293,495,24,1,10
1294,496,27,1,4
1295,7001,26,1,5
1296,7001,34,1,3
1297,7002,26,1,3
1298,7002,34,1,2
1299,7003,26,1,3
1300,7003,34,1,2
1301,7004,26,1,3
1302,7004,34,1,2
1303,7005,26,1,1
1304,7005,34,1,1
1305,7006,26,1,1
1306,7006,34,1,1
1307,7007,26,1,1
1308,7007,34,1,1
1309,7008,26,1,1
1310,7008,34,1,1
1311,7009,27,1,2
1312,7009,34,1,1
1313,7010,27,1,2
1314,7010,34,1,1
1315,7011,27,1,2
1316,7011,34,1,1
1317,7012,27,1,2
1318,7012,34,1,1
1319,7013,27,1,2
1320,7013,34,1,1
1321,7014,27,1,2
1322,7014,34,1,1
1323,7015,27,1,2
1324,7015,34,1,1
1325,7016,27,1,2
1326,7016,34,1,1
1327,7017,27,1,1
1328,7017,34,1,1
1329,7018,27,1,1
1330,7018,34,1,1
1331,7019,27,1,1
1332,7019,34,1,1
1333,7020,27,1,1
1334,7020,34,1,1
1335,7021,27,1,1
1336,7021,34,1,1
1337,7022,27,1,1
1338,7022,34,1,1
1339,7023,27,1,1
1340,7023,34,1,1
1341,7024,27,1,1
1342,7024,34,1,1
1343,7025,27,1,1
1344,7025,34,1,1
1345,7026,27,1,1
1346,7026,34,1,1
1347,7027,27,1,1
1348,7027,34,1,1
1349,7028,27,1,1
1350,7028,34,1,1
1351,7029,27,1,1
1352,7029,34,1,1
1353,7030,27,1,1
1354,7030,34,1,1
1355,7031,27,1,1
1356,7031,34,1,1
1357,7032,27,1,1
1358,7032,34,1,1
1359,7033,35,1,180
1360,7034,35,1,220
1361,7035,35,1,250
1362,7036,35,1,300
1363,7037,35,1,400
1364,7038,35,1,450
1365,7039,35,1,500
1366,7040,35,1,80
1367,7041,35,1,120
1368,7042,35,1,150
1369,7043,35,1,200
1370,7044,35,1,300
1371,7045,35,1,350
1372,7046,35,1,400
1373,497,2,1,30000
1374,498,27,1,1
1375,499,5,1,45
1376,500,39,1,8
1377,501,26,1,1
1378,502,27,1,3
1379,503,24,1,4
1380,504,39,1,5
1381,505,26,1,2
1382,506,34,1,1
1383,506,26,1,1
1384,506,27,1,2
1385,507,34,1,1
1386,508,26,1,4
1387,508,27,1,6
1388,509,24,1,35
1389,510,16,1,20
1390,510,34,1,2
1391,510,24,1,10
1392,511,24,1,3
1393,511,29,1,1
1394,7048,35,1,200
1395,512,26,1,2
1396,513,19,1,20
1397,513,27,1,5
1398,514,16,1,20
1399,514,24,1,30
1400,515,27,1,3
1401,515,34,1,1
1402,515,24,1,3
1403,516,26,1,3
1404,516,3,1,50
1405,517,24,1,40
1406,518,34,1,5
1407,518,28,1,50
1408,519,16,1,25
1409,520,1,318 1 0,1
1410,520,1,319 1 0,1
1411,520,28,1,600
1412,520,26,1,10
1413,520,24,1,20
1414,520,29,1,30
1415,521,1,318 1 0,1
1416,521,1,319 1 0,1
1417,521,28,1,300
1418,521,26,1,10
1419,521,24,1,20
1420,521,29,1,15
1421,522,1,319 1 0,1
1422,522,28,1,300
1423,522,26,1,10
1424,522,24,1,20
1425,522,29,1,5
1426,523,1,318 1 0,1
1427,523,28,1,300
1428,523,26,1,10
1429,523,24,1,20
1430,523,29,1,5
1431,524,26,1,10
1432,524,24,1,15
1433,525,26,1,8
1434,525,24,1,10
1435,526,26,1,5
1436,526,24,1,5
1437,527,23,1,10
1438,527,26,1,1
1439,527,24,1,3
1440,528,34,1,1
1441,529,26,1,3
1442,530,16,1,8
1443,530,38,1,5
1444,531,16,1,15
1445,531,27,1,10
1446,532,16,1,25
1447,532,29,1,20
1448,532,24,1,20
1449,533,24,1,15
1450,534,26,1,5
1451,535,16,1,5
1452,535,17,1,5
1453,535,18,1,5
1454,535,19,1,5
1455,536,27,1,1
1456,537,1,142 1 0,1
1457,538,1,248 1 0,1
1458,539,1,315 1 0,1
1459,540,26,1,4
1460,541,19,1,20
1461,542,26,1,6
1462,542,24,1,10
1463,543,29,1,10
1464,543,18,1,20
1465,543,28,1,60
1466,544,16,1,20
1467,544,27,1,10
1468,545,38,1,2
1469,545,24,1,15
1470,546,38,1,4
1471,546,2,1,2000000
1472,546,17,1,10
1473,547,38,1,6
1474,547,16,1,25
1475,547,34,1,3
1476,548,1,142 1 0,1
1477,549,5,1,50
1478,550,27,1,2
1479,551,24,1,2
1480,552,26,1,1
1481,552,27,1,2
1482,552,24,1,2
1483,553,27,1,8
1484,553,28,1,30
1485,554,26,1,3
1486,554,2,1,330000
1487,555,19,1,25
1488,555,2,1,550000
1489,556,17,1,20
1490,556,18,1,20
1491,556,38,1,5
1492,557,16,1,10
1493,557,29,1,30
1494,557,24,1,20
1495,558,26,1,2
1496,559,19,1,20
1497,559,27,1,5
1498,560,16,1,10
1499,560,24,1,30
1500,561,5,1,100
1501,562,33,1,3
1502,563,27,1,2
1503,564,24,1,2
1504,565,27,1,2
1505,566,19,1,10
1506,566,17,1,5
1507,567,34,1,1
1508,567,24,1,2
1509,568,26,1,2
1510,569,19,1,20
1511,569,27,1,5
1512,570,16,1,10
1513,570,24,1,30
1514,571,1,311 1 0,1
1515,571,1,312 1 0,1
1516,571,28,1,600
1517,571,26,1,10
1518,571,24,1,20
1519,571,29,1,30
1520,572,1,311 1 0,1
1521,572,1,312 1 0,1
1522,572,28,1,300
1523,572,26,1,10
1524,572,24,1,20
1525,572,29,1,15
1526,573,1,312 1 0,1
1527,573,28,1,300
1528,573,26,1,10
1529,573,24,1,20
1530,573,29,1,5
1531,574,1,311 1 0,1
1532,574,28,1,300
1533,574,26,1,10
1534,574,24,1,20
1535,574,29,1,5
1536,575,26,1,10
1537,575,24,1,15
1538,576,26,1,8
1539,576,24,1,10
1540,577,26,1,5
1541,577,24,1,5
1542,578,24,1,2
1543,579,2,1,500000
1544,580,19,1,10
1545,581,26,1,1
1546,582,26,1,2
1547,582,27,1,1
1548,583,2,1,500000
1549,583,26,1,4
1550,584,2,1,500000
1551,584,24,1,20
1552,585,2,1,500000
1553,585,29,1,12
1554,586,34,1,3
1555,586,27,1,5
1556,587,16,1,10
1557,587,32,0,30
1558,588,39,1,20
1559,588,38,1,1
1560,589,16,1,5
1561,589,38,1,2
1562,590,34,1,2
1563,590,28,1,100
1564,590,38,1,3
1565,591,26,1,1
1566,591,29,1,3
1567,592,26,1,3
1568,593,19,1,20
1569,593,27,1,9
1570,594,24,1,20
1571,594,39,1,20
1572,595,16,1,10
1573,595,38,1,3
1574,596,2,1,500000
1575,596,26,1,4
1576,597,2,1,500000
1577,597,24,1,20
1578,598,2,1,500000
1579,598,29,1,12
1580,599,34,1,3
1581,599,27,1,5
1582,600,16,1,15
1583,600,32,3,35
1584,601,26,1,1
1585,602,1,245 1 0,1
1586,603,1,17 1 0,1
1587,604,1,316 1 0,1
1588,605,1,35 1 0,1
1589,606,16,1,2
1590,606,17,1,2
1591,606,18,1,2
1592,606,19,1,2
1593,607,26,1,3
1594,608,19,1,30
1595,608,27,1,10
1596,608,29,1,8
1597,609,16,1,15
1598,609,24,1,30
1599,610,39,1,30
1600,610,26,1,4
1601,611,24,1,20
1602,612,27,1,20
1603,613,16,1,10
1604,613,29,1,10
1605,614,19,1,15
1606,614,26,1,2
1607,615,19,1,20
1608,615,24,1,20
1609,616,19,1,25
1610,616,29,1,12
1611,617,34,1,3
1612,617,27,1,5
1613,618,32,5,88
1614,619,26,1,2
1615,619,27,1,2
1616,619,24,1,2
1617,620,26,1,4
1618,621,19,1,10
1619,622,18,1,10
1620,622,27,1,10
1621,623,17,1,10
1622,623,26,1,5
1623,624,16,1,5
1624,624,39,1,20
1625,624,38,1,2
1626,625,24,1,10
1627,626,2,1,880000
1628,626,28,1,50
1629,627,26,1,5
1630,627,33,1,10
1631,628,16,1,5
1632,628,27,1,20
1633,629,32,10,88
1634,630,17,1,5
1635,630,19,1,5
1636,631,27,1,5
1637,632,1,346 1 0,1
1638,632,1,347 1 0,1
1639,632,28,1,600
1640,632,26,1,10
1641,632,24,1,20
1642,632,29,1,30
1643,633,1,346 1 0,1
1644,633,1,347 1 0,1
1645,633,28,1,300
1646,633,26,1,10
1647,633,24,1,20
1648,633,29,1,15
1649,634,1,347 1 0,1
1650,634,28,1,300
1651,634,26,1,10
1652,634,24,1,20
1653,634,29,1,5
1654,635,1,346 1 0,1
1655,635,28,1,300
1656,635,26,1,10
1657,635,24,1,20
1658,635,29,1,5
1659,636,26,1,10
1660,636,24,1,15
1661,637,26,1,8
1662,637,24,1,10
1663,638,26,1,5
1664,638,24,1,5
1665,639,26,1,3
1666,639,24,1,3
1667,640,27,1,6
1668,641,2,1,500000
1669,641,24,1,6
1670,642,17,1,20
1671,642,3,1,40
1672,643,18,1,30
1673,644,38,1,1
1674,644,29,1,4
1675,645,27,1,4
1676,646,17,1,7
1677,647,18,1,8
1678,647,26,1,4
1679,648,16,1,5
1680,648,27,1,5
1681,649,27,1,5
1682,650,17,1,30
1683,650,26,1,3
1684,651,16,1,30
1685,652,27,1,2
1686,653,1,206 1 0,1
1687,654,1,1 1 0,1
1688,655,26,1,1
1689,656,1,371 1 0,1
1690,656,1,372 1 0,1
1691,656,28,1,600
1692,656,26,1,10
1693,656,24,1,20
1694,656,29,1,30
1695,657,1,371 1 0,1
1696,657,1,372 1 0,1
1697,657,28,1,300
1698,657,26,1,10
1699,657,24,1,20
1700,657,29,1,15
1701,658,1,372 1 0,1
1702,658,28,1,300
1703,658,26,1,10
1704,658,24,1,20
1705,658,29,1,5
1706,659,1,371 1 0,1
1707,659,28,1,300
1708,659,26,1,10
1709,659,24,1,20
1710,659,29,1,5
1711,660,26,1,10
1712,660,24,1,15
1713,661,26,1,8
1714,661,24,1,10
1715,662,26,1,5
1716,662,24,1,5
1717,663,27,1,4
1718,664,18,1,10
1719,664,26,1,4
1720,665,17,1,10
1721,665,29,1,15
1722,666,16,1,5
1723,666,34,1,2
1724,667,26,1,1
1725,667,27,1,1
1726,668,27,1,15
1727,668,3,1,40
1728,669,26,1,10
1729,669,18,1,30
1730,670,16,1,30
1731,670,29,1,30
1732,671,27,1,2
1733,7054,50,1,500
1734,7049,35,1,60
1735,672,26,1,2
1736,672,1,7000 1 0,1
1737,673,1,7001 1 0,1
1738,673,1,7001 1 0,1
1739,673,18,1,8
1740,674,17,1,30
1741,674,26,1,5
1742,675,28,1,80
1743,675,27,1,10
1744,676,17,1,30
1745,676,27,1,15
1746,677,34,1,5
1747,677,16,1,30
1748,678,27,1,3
1749,679,26,1,2
1750,680,1,55 1 0,1
1751,681,17,1,5
1752,682,1,14 1 0,1
1753,683,27,1,6
1754,684,27,1,10
1755,685,26,1,8
1756,686,16,1,15
1757,686,18,1,10
1758,687,1,377 1 0,1
1759,687,1,381 1 0,1
1760,687,28,1,600
1761,687,26,1,10
1762,687,24,1,20
1763,687,29,1,30
1764,688,1,377 1 0,1
1765,688,1,381 1 0,1
1766,688,28,1,300
1767,688,26,1,10
1768,688,24,1,20
1769,688,29,1,15
1770,689,1,381 1 0,1
1771,689,28,1,300
1772,689,26,1,10
1773,689,24,1,20
1774,689,29,1,5
1775,690,1,377 1 0,1
1776,690,28,1,300
1777,690,26,1,10
1778,690,24,1,20
1779,690,29,1,5
1780,691,26,1,10
1781,691,24,1,15
1782,692,26,1,8
1783,692,24,1,10
1784,693,26,1,5
1785,693,24,1,5
1786,694,34,1,1
1787,695,27,1,5
1788,696,26,1,3
1789,697,1,7003 1 0,3
1790,698,27,1,1
1791,699,1,31 1 0,1
1792,700,1,12 1 0,1
1793,701,1,34 1 0,1
1794,702,18,1,20
1795,703,17,1,30
1796,704,16,1,30
1797,705,27,1,5
1798,706,27,1,5
1799,707,34,1,4
1800,708,18,1,30
1801,708,26,1,5
1802,709,16,1,30
1803,709,2,1,1000000
1804,710,26,1,1
1805,710,1,7002 1 0,1
1806,711,34,1,1
1807,712,27,1,6
1808,713,28,1,50
1809,714,19,1,30
1810,715,34,1,1
1811,716,16,1,8
1812,717,18,1,10
1813,717,2,1,100000
1814,718,19,1,60
1815,718,27,1,10
1816,719,16,1,30
1817,719,34,1,3
1818,720,1,354 1 0,1
1819,720,1,355 1 0,1
1820,720,28,1,600
1821,720,26,1,10
1822,720,24,1,20
1823,720,29,1,30
1824,721,1,354 1 0,1
1825,721,1,355 1 0,1
1826,721,28,1,300
1827,721,26,1,10
1828,721,24,1,20
1829,721,29,1,15
1830,722,1,355 1 0,1
1831,722,28,1,300
1832,722,26,1,10
1833,722,24,1,20
1834,722,29,1,5
1835,723,1,354 1 0,1
1836,723,28,1,300
1837,723,26,1,10
1838,723,24,1,20
1839,723,29,1,5
1840,724,26,1,10
1841,724,24,1,15
1842,725,26,1,8
1843,725,24,1,10
1844,726,26,1,5
1845,726,24,1,5
1846,727,26,1,3
1847,728,26,1,2
1848,9999,26,1,1
1849,729,27,1,1
1850,730,26,1,1
1851,731,1,22 1 0,1
1852,732,1,27 1 0,1
1853,733,1,341 1 0,1
1854,734,27,1,10
1855,735,2,1,200000
1856,736,19,1,10
1857,736,34,1,1
1858,737,34,1,2
1859,737,17,1,10
1860,738,29,1,40
1861,739,34,1,1
1862,739,16,1,20
1863,740,18,1,10
1864,740,2,1,100000
1865,741,19,1,60
1866,741,27,1,10
1867,742,16,1,30
1868,742,34,1,3
1869,743,27,1,10
1870,744,26,1,8
1871,745,16,1,15
1872,745,18,1,10
1873,746,27,1,10
1874,747,34,1,1
1875,748,3,1,60
1876,748,2,1,50000
1877,749,27,1,2
1878,749,3,1,40
1879,750,26,1,2
1880,750,2,1,200000
1881,751,19,1,20
1882,751,26,1,3
1883,752,18,1,40
1884,752,3,1,40
1885,753,17,1,50
1886,753,2,1,500000
1887,754,16,1,30
1888,754,2,1,500000
1889,755,29,1,200
1890,755,16,1,50
1891,755,2,1,5000000
1892,755,34,1,20
1893,756,19,1,30
1894,757,18,1,30
1895,757,28,1,100
1896,758,34,1,5
1897,758,17,1,70
1898,759,29,1,100
1899,759,16,1,50
1900,760,26,1,4
1901,761,1,388 1 0,1
1902,761,1,389 1 0,1
1903,761,28,1,600
1904,761,26,1,10
1905,761,24,1,20
1906,761,29,1,30
1907,762,1,388 1 0,1
1908,762,1,389 1 0,1
1909,762,28,1,300
1910,762,26,1,10
1911,762,24,1,20
1912,762,29,1,15
1913,763,1,388 1 0,1
1914,763,28,1,300
1915,763,26,1,10
1916,763,24,1,20
1917,763,29,1,5
1918,764,1,389 1 0,1
1919,764,28,1,300
1920,764,26,1,10
1921,764,24,1,20
1922,764,29,1,5
1923,765,26,1,10
1924,765,24,1,15
1925,766,26,1,8
1926,766,24,1,10
1927,767,26,1,5
1928,767,24,1,5
1929,768,27,1,10
1930,769,28,1,50
1931,770,18,1,10
1932,770,34,1,1
1933,771,34,1,2
1934,771,16,1,10
1935,772,29,1,55
1936,773,27,1,1
1937,774,26,1,1
1938,775,1,12 1 0,1
1939,776,1,74 1 0,1
1940,777,1,346 1 0,1
1941,778,26,1,4
1942,779,19,1,30
1943,780,18,1,30
1944,780,28,1,100
1945,781,34,1,5
1946,781,17,1,70
1947,782,29,1,100
1948,782,16,1,50
1949,7056,52,501,1
1950,7056,52,502,1
1951,7056,52,503,1
1952,7056,52,504,1
1953,7056,52,505,1
1954,7056,52,506,1
1955,783,27,1,10
1956,784,18,1,10
1957,784,2,1,100000
1958,785,19,1,60
1959,785,27,1,10
1960,786,16,1,30
1961,786,34,1,3
1962,787,26,1,4
1963,788,19,1,40
1964,788,2,1,100000
1965,789,34,1,6
1966,789,18,1,50
1967,790,17,1,100
1968,790,28,1,200
1969,791,29,1,130
1970,791,16,1,70
1971,792,1,340 1 0,1
1972,792,1,341 1 0,1
1973,792,28,1,600
1974,792,26,1,10
1975,792,24,1,20
1976,792,29,1,30
1977,793,1,340 1 0,1
1978,793,1,341 1 0,1
1979,793,28,1,300
1980,793,26,1,10
1981,793,24,1,20
1982,793,29,1,15
1983,794,1,340 1 0,1
1984,794,28,1,300
1985,794,26,1,10
1986,794,24,1,20
1987,794,29,1,5
1988,795,1,341 1 0,1
1989,795,28,1,300
1990,795,26,1,10
1991,795,24,1,20
1992,795,29,1,5
1993,796,26,1,10
1994,796,24,1,15
1995,797,26,1,8
1996,797,24,1,10
1997,798,26,1,5
1998,798,24,1,5
1999,799,29,1,25
2000,800,18,1,10
2001,800,28,1,100
2002,801,19,1,60
2003,801,2,1,4000000
2004,802,16,1,30
2005,802,29,1,60
2006,803,26,1,4
2007,804,28,1,100
2008,804,2,1,100000
2009,805,34,1,6
2010,805,17,1,50
2011,806,23,1,300
2012,807,29,1,130
2013,807,16,1,70
2014,808,27,1,1
2015,809,26,1,1
2016,810,1,67 1 0,1
2017,811,1,55 1 0,1
2018,812,1,329 1 0,1
2019,813,27,1,10
2020,814,19,1,20
2021,815,23,1,20
2022,815,28,1,100
2023,816,16,1,30
2024,816,2,1,500000
2025,817,29,1,100
2026,817,17,1,10
2027,818,26,1,4
2028,819,18,1,10
2029,819,2,1,100000
2030,820,19,1,60
2031,820,27,1,10
2032,821,16,1,30
2033,821,34,1,3
2034,822,27,1,10
2035,823,19,1,20
2036,823,2,1,100000
2037,824,34,1,4
2038,824,18,1,20
2039,825,17,1,100
2040,825,28,1,100
2041,826,29,1,100
2042,826,16,1,50
2043,827,1,392 1 0,1
2044,827,1,393 1 0,1
2045,827,28,1,600
2046,827,26,1,10
2047,827,24,1,20
2048,827,29,1,30
2049,828,1,392 1 0,1
2050,828,1,393 1 0,1
2051,828,28,1,300
2052,828,26,1,10
2053,828,24,1,20
2054,828,29,1,15
2055,829,1,392 1 0,1
2056,829,28,1,300
2057,829,26,1,10
2058,829,24,1,20
2059,829,29,1,5
2060,830,1,393 1 0,1
2061,830,28,1,300
2062,830,26,1,10
2063,830,24,1,20
2064,830,29,1,5
2065,831,26,1,10
2066,831,24,1,15
2067,832,26,1,8
2068,832,24,1,10
2069,833,26,1,5
2070,833,24,1,5
2071,834,26,1,4
2072,835,19,1,30
2073,836,18,1,30
2074,836,28,1,100
2075,837,34,1,5
2076,837,17,1,70
2077,838,29,1,100
2078,838,16,1,50
2079,839,27,1,1
2080,840,26,1,1
2081,841,1,46 1 0,1
2082,842,1,15 1 0,1
2083,843,1,384 1 0,1
2084,844,29,1,2
2085,844,2,1,200000
2086,844,28,1,10
2087,845,27,1,10
2088,846,19,1,10
2089,846,2,1,100000
2090,847,34,1,2
2091,847,18,1,20
2092,848,17,1,60
2093,848,28,1,100
2094,849,29,1,80
2095,849,16,1,40
2096,850,23,1,10
2097,850,29,1,4
2098,851,26,1,4
2099,852,28,1,100
2100,852,2,1,100000
2101,853,34,1,6
2102,853,17,1,50
2103,854,23,1,300
2104,855,29,1,130
2105,855,16,1,70
2106,856,1,396 1 0,1
2107,856,1,397 1 0,1
2108,856,28,1,600
2109,856,26,1,10
2110,856,24,1,20
2111,856,29,1,30
2112,857,1,396 1 0,1
2113,857,1,397 1 0,1
2114,857,28,1,300
2115,857,26,1,10
2116,857,24,1,20
2117,857,29,1,15
2118,858,1,396 1 0,1
2119,858,28,1,300
2120,858,26,1,10
2121,858,24,1,20
2122,858,29,1,5
2123,859,1,397 1 0,1
2124,859,28,1,300
2125,859,26,1,10
2126,859,24,1,20
2127,859,29,1,5
2128,860,26,1,10
2129,860,24,1,15
2130,861,26,1,8
2131,861,24,1,10
2132,862,26,1,5
2133,862,24,1,5
2134,863,27,1,10
2135,864,19,1,10
2136,864,2,1,100000
2137,865,34,1,2
2138,865,29,1,20
2139,866,18,1,80
2140,866,28,1,100
2141,867,29,1,50
2142,867,16,1,30
2143,868,53,1,1
2144,869,53,1,4
2145,870,18,1,10
2146,870,2,1,100000
2147,871,19,1,60
2148,871,27,1,10
2149,872,16,1,30
2150,872,34,1,4
2151,873,27,1,1
2152,874,26,1,1
2153,875,29,1,5
2154,876,53,1,2
2155,877,1,19 1 0,1
2156,877,1,259 1 0,1
2157,878,27,1,10
2158,879,19,1,10
2159,879,2,1,100000
2160,880,53,1,4
2161,880,18,1,10
2162,881,17,1,50
2163,881,53,1,6
2164,882,29,1,80
2165,882,16,1,40
2166,883,23,1,10
2167,883,29,1,4
2168,884,53,1,1
2169,884,29,1,2
2170,885,26,1,3
2171,886,53,1,2
2172,887,53,1,4
2173,888,28,1,100
2174,888,2,1,100000
2175,889,34,1,6
2176,889,17,1,50
2177,890,53,1,30
2178,891,29,1,130
2179,891,16,1,70
2180,892,27,1,10
2181,893,19,1,10
2182,893,2,1,100000
2183,894,34,1,2
2184,894,29,1,20
2185,895,18,1,80
2186,895,28,1,100
2187,896,29,1,50
2188,896,16,1,30
2189,897,26,1,4
2190,898,28,1,100
2191,898,2,1,100000
2192,899,34,1,4
2193,899,17,1,30
2194,900,18,1,50
2195,900,29,1,80
2196,901,16,1,100
2197,901,2,1,1000000
2198,902,29,1,4
2199,903,1,376 1 0,1
2200,903,1,380 1 0,1
2201,903,28,1,600
2202,903,26,1,10
2203,903,24,1,20
2204,903,29,1,30
2205,904,1,376 1 0,1
2206,904,1,380 1 0,1
2207,904,28,1,300
2208,904,26,1,10
2209,904,24,1,20
2210,904,29,1,15
2211,905,1,376 1 0,1
2212,905,28,1,300
2213,905,26,1,10
2214,905,24,1,20
2215,905,29,1,5
2216,906,1,380 1 0,1
2217,906,28,1,300
2218,906,26,1,10
2219,906,24,1,20
2220,906,29,1,5
2221,907,26,1,10
2222,907,24,1,15
2223,908,26,1,8
2224,908,24,1,10
2225,909,26,1,5
2226,909,24,1,5
2227,910,2,1,80000
2228,911,27,1,3
2229,912,53,1,1
2230,913,1,246 1 0,1
2231,914,1,11 1 0,1
2232,914,1,341 1 0,1
2233,915,27,1,10
2234,916,19,1,10
2235,916,2,1,100000
2236,917,34,1,2
2237,917,18,1,20
2238,918,17,1,60
2239,918,28,1,100
2240,919,53,1,10
2241,919,16,1,40
2242,920,23,1,5
2243,920,29,1,2
2244,921,26,1,4
2245,922,19,1,40
2246,922,28,1,100
2247,923,34,1,4
2248,923,18,1,40
2249,924,29,1,60
2250,924,17,1,60
2251,925,16,1,100
2252,925,23,1,50
2253,926,27,1,10
2254,927,18,1,10
2255,927,19,1,10
2256,928,33,1,10
2257,928,17,1,40
2258,929,28,1,100
2259,929,29,1,30
2260,930,53,1,10
2261,930,16,1,40
2262,931,23,1,5
2263,931,29,1,2
2264,932,19,1,40
2265,932,28,1,100
2266,933,34,1,4
2267,933,17,1,40
2268,934,29,1,50
2269,934,18,1,70
2270,935,16,1,90
2271,935,23,1,60
2272,936,26,1,4
2273,937,23,1,5
2274,937,29,1,2
2275,938,1,401 1 0,1
2276,938,1,402 1 0,1
2277,938,28,1,600
2278,938,26,1,10
2279,938,24,1,20
2280,938,29,1,30
2281,939,1,401 1 0,1
2282,939,1,402 1 0,1
2283,939,28,1,300
2284,939,26,1,10
2285,939,24,1,20
2286,939,29,1,15
2287,940,1,401 1 0,1
2288,940,28,1,300
2289,940,26,1,10
2290,940,24,1,20
2291,940,29,1,5
2292,941,1,402 1 0,1
2293,941,28,1,300
2294,941,26,1,10
2295,941,24,1,20
2296,941,29,1,5
2297,942,26,1,10
2298,942,24,1,15
2299,943,26,1,8
2300,943,24,1,10
2301,944,26,1,5
2302,944,24,1,5
2303,945,2,1,80000
2304,946,27,1,3
2305,947,53,1,1
2306,948,1,59 1 0,1
2307,949,1,13 1 0,1
2308,949,1,336 1 0,1
2309,950,19,1,10
2310,950,18,1,10
2311,951,28,1,70
2312,951,18,1,30
2313,952,17,1,50
2314,952,29,1,20
2315,953,23,1,30
2316,953,16,1,40
2317,954,18,1,10
2318,954,2,1,100000
2319,955,19,1,60
2320,955,27,1,10
2321,956,16,1,40
2322,956,34,1,4
2323,957,27,1,10
2324,958,19,1,50
2325,958,2,1,500000
2326,959,28,1,100
2327,959,17,1,60
2328,960,29,1,60
2329,960,18,1,70
2330,961,16,1,90
2331,961,53,1,20
2332,962,53,1,5
2333,963,18,1,20
2334,963,2,1,100000
2335,964,19,1,60
2336,964,28,1,100
2337,965,16,1,30
2338,965,17,1,30
2339,966,29,1,30
2340,966,53,1,20
2341,967,27,1,5
2342,967,53,1,2
2343,968,19,1,10
2344,968,2,1,200000
2345,969,28,1,70
2346,969,18,1,30
2347,970,17,1,50
2348,970,34,1,5
2349,971,29,1,40
2350,971,16,1,40
2351,972,28,1,10
2352,972,29,1,2
2353,973,28,1,50
2354,973,2,1,500000
2355,974,19,1,60
2356,974,17,1,60
2357,975,29,1,40
2358,975,18,1,80
2359,976,29,1,50
2360,976,53,1,25
2361,977,26,1,5
2362,978,28,1,10
2363,978,29,1,2
2364,979,1,385 1 0,1
2365,979,1,384 1 0,1
2366,979,28,1,600
2367,979,26,1,10
2368,979,24,1,20
2369,979,29,1,30
2370,980,1,384 1 0,1
2371,980,1,385 1 0,1
2372,980,28,1,300
2373,980,26,1,10
2374,980,24,1,20
2375,980,29,1,15
2376,981,1,385 1 0,1
2377,981,28,1,300
2378,981,26,1,10
2379,981,24,1,20
2380,981,29,1,5
2381,982,1,384 1 0,1
2382,982,28,1,300
2383,982,26,1,10
2384,982,24,1,20
2385,982,29,1,5
2386,983,26,1,10
2387,983,24,1,15
2388,984,26,1,8
2389,984,24,1,10
2390,985,26,1,5
2391,985,24,1,5
2392,986,2,1,80000
2393,987,27,1,3
2394,988,53,1,1
2395,989,1,22 1 0,1
2396,990,1,49 1 0,1
2397,990,1,388 1 0,1
2398,991,27,1,10
2399,992,19,1,10
2400,992,2,1,200000
2401,993,17,1,30
2402,993,18,1,30
2403,994,16,1,30
2404,994,29,1,20
2405,995,29,1,40
2406,995,28,1,100
2407,996,19,1,10
2408,996,29,1,2
2409,997,19,1,80
2410,997,2,1,500000
2411,998,28,1,100
2412,998,34,1,10
2413,999,23,1,80
2414,999,18,1,80
2415,1000,16,1,80
2416,1000,17,1,100
2417,1001,26,1,5
2418,1002,19,1,50
2419,1002,2,1,100000
2420,1003,26,1,5
2421,1003,52,305,1
2422,1004,52,301,1
2423,1005,29,1,3
2424,1005,36,1,400
2425,1006,27,1,6
2426,1007,28,1,20
2427,1007,2,1,100000
2428,1008,33,1,20
2429,1008,18,1,30
2430,1009,16,1,30
2431,1009,36,1,2000
2432,1010,29,1,40
2433,1010,53,1,10
2434,1011,28,1,10
2435,1011,29,1,2
2436,1012,28,1,20
2437,1012,2,1,300000
2438,1013,36,1,2000
2439,1013,34,1,5
2440,1014,23,1,70
2441,1014,16,1,30
2442,1015,29,1,50
2443,1015,17,1,30
2444,1016,26,1,5
2445,1017,5,1,60
2446,1017,27,1,1
2447,1017,3,1,20
2448,1018,27,1,5
2449,1019,19,1,20
2450,1019,2,1,300000
2451,1020,28,1,40
2452,1020,33,1,10
2453,1021,23,1,30
2454,1021,36,1,1000
2455,1022,29,1,30
2456,1022,23,1,30
2457,1023,23,1,3
2458,1023,29,1,2
2459,1024,5,1,60
2460,1024,27,1,1
2461,1024,3,1,20
2462,1025,1,405 1 0,1
2463,1025,1,406 1 0,1
2464,1025,28,1,600
2465,1025,26,1,10
2466,1025,24,1,20
2467,1025,29,1,30
2468,1026,1,406 1 0,1
2469,1026,1,405 1 0,1
2470,1026,28,1,300
2471,1026,26,1,10
2472,1026,24,1,20
2473,1026,29,1,15
2474,1027,1,405 1 0,1
2475,1027,28,1,300
2476,1027,26,1,10
2477,1027,24,1,20
2478,1027,29,1,5
2479,1028,1,406 1 0,1
2480,1028,28,1,300
2481,1028,26,1,10
2482,1028,24,1,20
2483,1028,29,1,5
2484,1029,26,1,10
2485,1029,24,1,15
2486,1030,26,1,8
2487,1030,24,1,10
2488,1031,26,1,5
2489,1031,24,1,5
2490,1032,2,1,80000
2491,1033,27,1,3
2492,1034,53,1,1
2493,1035,1,204 1 0,1
2494,1036,1,9 1 0,1
2495,1036,1,275 1 0,1
2496,1037,19,1,20
2497,1037,2,1,500000
2498,1038,36,1,2000
2499,1038,28,1,100
2500,1039,23,1,70
2501,1039,16,1,20
2502,1040,29,1,50
2503,1040,53,1,10
2504,1041,26,1,5
2505,1042,5,1,60
2506,1042,28,1,5
2507,1042,3,1,20
2508,1043,19,1,20
2509,1043,2,1,300000
2510,1044,28,1,40
2511,1044,18,1,20
2512,1045,53,1,5
2513,1045,36,1,2000
2514,1046,29,1,40
2515,1046,23,1,40
2516,1047,27,1,9
2517,1048,52,406,1
2518,1048,23,1,10
2519,1049,52,304,1
2520,1049,52,305,1
2521,1050,52,306,1
2522,1050,52,302,1
2523,1051,5,1,60
2524,1051,28,1,5
2525,1051,3,1,20
2526,1052,24,1,5
2527,1053,27,1,4
2528,1054,26,1,2
2529,1055,23,1,10
2530,1056,17,1,10
2531,1056,2,1,500000
2532,1057,29,1,15
2533,1057,23,1,30
2534,1058,23,1,70
2535,1058,16,1,30
2536,1059,29,1,50
2537,1059,53,1,10
2538,1060,26,1,5
2539,1061,5,1,60
2540,1061,28,1,5
2541,1061,3,1,20
2542,1062,23,1,5
2543,1062,36,1,300
2544,1063,19,1,20
2545,1063,2,1,300000
2546,1064,33,1,10
2547,1064,17,1,20
2548,1065,53,1,5
2549,1065,23,1,30
2550,1066,29,1,40
2551,1066,23,1,50
2552,1067,27,1,10
2553,1068,52,404,1
2554,1069,52,406,1
2555,1069,36,1,1000
2556,1070,52,401,1
2557,1070,23,1,10
2558,1071,52,302,1
2559,1071,34,1,2
2560,1072,5,1,60
2561,1072,36,1,50
2562,1072,23,1,1
2563,1073,1,376 1 0,1
2564,1073,1,377 1 0,1
2565,1073,28,1,600
2566,1073,26,1,10
2567,1073,24,1,20
2568,1073,29,1,30
2569,1074,1,376 1 0,1
2570,1074,1,377 1 0,1
2571,1074,28,1,300
2572,1074,26,1,10
2573,1074,24,1,20
2574,1074,29,1,15
2575,1075,1,376 1 0,1
2576,1075,28,1,300
2577,1075,26,1,10
2578,1075,24,1,20
2579,1075,29,1,5
2580,1076,1,377 1 0,1
2581,1076,28,1,300
2582,1076,26,1,10
2583,1076,24,1,20
2584,1076,29,1,5
2585,1077,26,1,10
2586,1077,24,1,15
2587,1078,26,1,8
2588,1078,24,1,10
2589,1079,26,1,5
2590,1079,24,1,5
2591,1080,17,1,10
2592,1080,2,1,600000
2593,1081,36,1,2000
2594,1081,34,1,5
2595,1082,23,1,70
2596,1082,29,1,25
2597,1083,16,1,50
2598,1083,53,1,10
2599,1084,26,1,5
2600,1085,5,1,90
2601,1085,36,1,50
2602,1085,3,1,20
2603,1086,2,1,200000
2604,1086,29,1,2
2605,1087,19,1,20
2606,1087,2,1,300000
2607,1088,28,1,40
2608,1088,53,1,5
2609,1089,23,1,30
2610,1089,36,1,1000
2611,1090,29,1,40
2612,1090,53,1,10
2613,1091,27,1,9
2614,1092,2,1,80000
2615,1093,27,1,3
2616,1094,53,1,1
2617,1095,1,204 1 0,1
2618,1096,1,19 1 0,1
2619,1096,1,258 1 0,1
2620,1097,5,1,60
2621,1097,27,1,1
2622,1097,3,1,20
2623,1102,26,1,5
2624,1103,5,1,60
2625,1103,28,1,5
2626,1103,3,1,20
2627,7101,51,1,300
2628,7102,51,1,270
2629,7103,51,1,240
2630,7104,51,1,195
2631,7105,51,1,195
2632,7106,51,1,150
2633,7107,51,1,150
2634,7108,51,1,150
2635,7109,51,1,150
2636,7110,51,1,150
2637,7111,51,1,120
2638,7112,51,1,120
2639,7113,51,1,120
2640,7114,51,1,120
2641,7115,51,1,120
2642,7116,51,1,75
2643,7117,51,1,75
2644,7118,51,1,75
2645,7119,51,1,75
2646,7120,51,1,75
2647,1104,2,1,500000
2648,1104,19,1,50
2649,1105,29,1,20
2650,1105,18,1,50
2651,1106,17,1,70
2652,1106,29,1,30
2653,1107,16,1,80
2654,1107,53,1,10
2655,1108,18,1,20
2656,1108,2,1,100000
2657,1109,17,1,60
2658,1109,27,1,10
2659,1110,16,1,60
2660,1110,34,1,3
2661,1111,2,1,500000
2662,1111,29,1,10
2663,1112,52,304,1
2664,1112,36,1,1000
2665,1113,52,302,1
2666,1113,23,1,10
2667,1114,52,201,1
2668,1114,34,1,2
2669,1115,2,1,300000
2670,1115,19,1,60
2671,1116,53,1,5
2672,1116,18,1,20
2673,1117,29,1,15
2674,1117,23,1,15
2675,1118,29,1,20
2676,1118,17,1,30
2677,1119,18,1,20
2678,1119,2,1,50000
2679,1120,17,1,20
2680,1120,27,1,5
2681,1121,16,1,20
2682,1121,34,1,1
2683,1122,16,1,20
2684,1122,17,1,30
2685,1123,27,1,10
2686,1124,5,1,60
2687,1124,36,1,50
2688,1124,23,1,1
2689,1125,1,371 1 0,1
2690,1125,1,372 1 0,1
2691,1125,28,1,600
2692,1125,26,1,10
2693,1125,24,1,20
2694,1125,29,1,30
2695,1126,1,371 1 0,1
2696,1126,1,372 1 0,1
2697,1126,28,1,300
2698,1126,26,1,10
2699,1126,24,1,20
2700,1126,29,1,15
2701,1127,1,371 1 0,1
2702,1127,28,1,300
2703,1127,26,1,10
2704,1127,24,1,20
2705,1127,29,1,5
2706,1128,1,372 1 0,1
2707,1128,28,1,300
2708,1128,26,1,10
2709,1128,24,1,20
2710,1128,29,1,5
2711,1129,26,1,10
2712,1129,24,1,15
2713,1130,26,1,8
2714,1130,24,1,10
2715,1131,26,1,5
2716,1131,24,1,5
2717,1132,2,1,300000
2718,1133,2,1,500000
2719,1133,19,1,50
2720,1134,29,1,20
2721,1134,18,1,50
2722,1135,17,1,70
2723,1135,29,1,30
2724,1136,16,1,60
2725,1136,53,1,10
2726,1137,2,1,500000
2727,1137,29,1,10
2728,1138,52,304,1
2729,1138,36,1,1000
2730,1139,52,302,1
2731,1139,23,1,10
2732,1140,52,201,1
2733,1140,2,1,800000
2734,1141,26,1,5
2735,1142,5,1,60
2736,1142,28,1,5
2737,1142,3,1,20
2738,1143,2,1,300000
2739,1144,2,1,300000
2740,1144,19,1,60
2741,1145,53,1,5
2742,1145,18,1,20
2743,1146,2,1,2000000
2744,1146,17,1,30
2745,1147,2,1,3000000
2746,1147,16,1,20
2747,1148,27,1,10
2748,1149,5,1,60
2749,1149,28,1,5
2750,1149,3,1,20
2751,1150,2,1,80000
2752,1151,27,1,3
2753,1152,53,1,1
2754,1153,1,22 1 0,1
2755,1154,1,11 1 0,1
2756,1154,1,340 1 0,1
2757,1155,2,1,500000
2758,1155,19,1,50
2759,1156,29,1,20
2760,1156,18,1,50
2761,1157,17,1,70
2762,1157,29,1,30
2763,1158,16,1,80
2764,1158,53,1,10
2765,1159,2,1,500000
2766,1159,29,1,10
2767,1160,52,304,1
2768,1160,2,1,1000000
2769,1161,52,302,1
2770,1161,23,1,10
2771,1162,52,201,1
2772,1162,34,1,2
2773,1163,26,1,5
2774,1164,5,1,60
2775,1164,27,1,1
2776,1164,3,1,20
2777,1165,2,1,300000
2778,1165,19,1,60
2779,1166,53,1,5
2780,1166,18,1,20
2781,1167,2,1,2000000
2782,1167,17,1,30
2783,1168,2,1,3000000
2784,1168,16,1,20
2785,1169,27,1,10
2786,1170,5,1,60
2787,1170,36,1,50
2788,1170,27,1,1
2789,1171,2,1,300000
2790,1172,2,1,500000
2791,1172,19,1,50
2792,1173,29,1,20
2793,1173,18,1,50
2794,1174,17,1,70
2795,1174,29,1,30
2796,1175,16,1,80
2797,1175,53,1,10
2798,1176,2,1,500000
2799,1176,29,1,10
2800,1177,52,402,1
2801,1177,2,1,1000000
2802,1178,52,303,1
2803,1178,23,1,10
2804,1179,52,202,1
2805,1179,34,1,2
2806,1180,26,1,5
2807,1181,5,1,60
2808,1181,27,1,1
2809,1181,3,1,20
2810,1182,1,392 1 0,1
2811,1182,1,393 1 0,1
2812,1182,28,1,600
2813,1182,26,1,10
2814,1182,24,1,20
2815,1182,29,1,30
2816,1183,1,392 1 0,1
2817,1183,1,393 1 0,1
2818,1183,28,1,300
2819,1183,26,1,10
2820,1183,24,1,20
2821,1183,29,1,15
2822,1184,1,392 1 0,1
2823,1184,28,1,300
2824,1184,26,1,10
2825,1184,24,1,20
2826,1184,29,1,5
2827,1185,1,393 1 0,1
2828,1185,28,1,300
2829,1185,26,1,10
2830,1185,24,1,20
2831,1185,29,1,5
2832,1186,26,1,10
2833,1186,24,1,15
2834,1187,26,1,8
2835,1187,24,1,10
2836,1188,26,1,5
2837,1188,24,1,5
2838,1189,2,1,300000
2839,1189,19,1,60
2840,1190,53,1,5
2841,1190,18,1,20
2842,1191,2,1,2000000
2843,1191,17,1,30
2844,1192,2,1,3000000
2845,1192,16,1,20
2846,1193,27,1,10
2847,1194,5,1,60
2848,1194,28,1,5
2849,1194,3,1,20
2850,1195,2,1,80000
2851,1196,27,1,3
2852,1197,53,1,1
2853,1198,1,246 1 0,1
2854,1199,1,8 1 0,1
2855,1199,1,330 1 0,1
2856,1200,1,7006 1 0,1
2857,1201,2,1,500000
2858,1201,19,1,50
2859,1202,29,1,20
2860,1202,18,1,50
2861,1203,17,1,70
2862,1203,29,1,30
2863,1204,16,1,80
2864,1204,53,1,10
2865,1205,2,1,500000
2866,1205,29,1,10
2867,1206,52,304,1
2868,1206,2,1,1000000
2869,1207,52,302,1
2870,1207,23,1,10
2871,1208,52,201,1
2872,1208,34,1,2
2873,1209,26,1,5
2874,1210,5,1,60
2875,1210,28,1,5
2876,1210,3,1,20
2877,1211,18,1,20
2878,1211,2,1,100000
2879,1212,17,1,60
2880,1212,27,1,10
2881,1213,16,1,60
2882,1213,34,1,3
2883,1214,36,1,500
2884,1214,19,1,30
2885,1215,53,1,5
2886,1215,18,1,20
2887,1216,29,1,15
2888,1216,17,1,30
2889,1217,36,1,2500
2890,1217,16,1,20
2891,1218,27,1,6
2892,1219,5,1,60
2893,1219,36,1,50
2894,1219,27,1,1
2895,1220,1,7006 1 0,1
2896,1221,2,1,300000
2897,1222,36,1,500
2898,1222,19,1,50
2899,1223,29,1,20
2900,1223,18,1,50
2901,1224,17,1,70
2902,1224,36,1,3500
2903,1225,16,1,80
2904,1225,53,1,10
2905,1226,2,1,500000
2906,1226,29,1,10
2907,1227,52,304,1
2908,1227,2,1,1000000
2909,1228,52,301,1
2910,1228,23,1,10
2911,1229,52,201,1
2912,1229,34,1,2
2913,1230,26,1,5
2914,1231,5,1,60
2915,1231,27,1,1
2916,1231,3,1,20
2917,1232,2,1,300000
2918,1233,1,377 1 0,1
2919,1233,1,381 1 0,1
2920,1233,28,1,600
2921,1233,26,1,10
2922,1233,24,1,20
2923,1233,29,1,30
2924,1234,1,377 1 0,1
2925,1234,1,381 1 0,1
2926,1234,28,1,300
2927,1234,26,1,10
2928,1234,24,1,20
2929,1234,29,1,15
2930,1235,1,377 1 0,1
2931,1235,28,1,300
2932,1235,26,1,10
2933,1235,24,1,20
2934,1235,29,1,5
2935,1236,1,381 1 0,1
2936,1236,28,1,300
2937,1236,26,1,10
2938,1236,24,1,20
2939,1236,29,1,5
2940,1237,26,1,10
2941,1237,24,1,15
2942,1238,26,1,8
2943,1238,24,1,10
2944,1239,26,1,5
2945,1239,24,1,5
2946,6001,5,1,500
2947,6002,27,1,5
2948,6004,39,1,5
2949,6005,2,1,100000
2950,6006,2,1,150000
2951,6006,33,1,1
2952,6007,2,1,200000
2953,6007,27,1,1
2954,6008,2,1,400000
2955,6008,26,1,1
2956,3001,2,1,500000
2957,3001,26,1,2
2958,3001,27,1,5
2959,3001,33,1,5
2960,1240,36,1,500
2961,1240,29,1,2
2962,1241,19,1,60
2963,1241,18,1,30
2964,1242,16,1,20
2965,1242,17,1,30
2966,1243,36,1,2500
2967,1243,2,1,2000000
2968,1244,2,1,80000
2969,1245,27,1,3
2970,1246,53,1,1
2971,1247,1,7,1
2972,1248,1,27,1
2973,1248,1,372,1
2974,1249,19,1,60
2975,1249,27,1,15
2976,1250,16,1,30
2977,1250,23,1,20
2978,1251,29,1,15
2979,1251,53,1,10
2980,1252,2,1,2000000
2981,1252,36,1,5000
2982,1253,27,1,10
2983,1254,5,1,60
2984,1254,36,1,50
2985,1254,27,1,1
2986,1255,1,7006 1 0,1
2987,1256,2,1,300000
2988,1257,36,1,500
2989,1257,19,1,50
2990,1258,17,1,50
2991,1258,18,1,50
2992,1259,16,1,40
2993,1259,53,1,10
2994,1260,2,1,5000000
2995,1260,36,1,4000
2996,1261,2,1,500000
2997,1261,29,1,10
2998,1262,52,304,1
2999,1262,2,1,1000000
3000,1263,52,301,1
3001,1263,23,1,10
3002,1264,52,203,1
3003,1264,34,1,2
3004,1265,26,1,5
3005,1266,5,1,60
3006,1266,27,1,1
3007,1266,3,1,20
3008,1267,36,1,500
3009,1267,19,1,30
3010,1268,53,1,5
3011,1268,18,1,20
3012,1269,29,1,15
3013,1269,17,1,30
3014,1270,36,1,2500
3015,1270,16,1,20
3016,1271,27,1,10
3017,1272,5,1,60
3018,1272,36,1,50
3019,1272,27,1,1
3020,1273,1,7006 1 0,1
3021,1274,2,1,300000
3022,1275,36,1,500
3023,1275,19,1,50
3024,1276,17,1,50
3025,1276,18,1,50
3026,1277,16,1,40
3027,1277,28,1,60
3028,1278,2,1,5000000
3029,1278,36,1,4000
3030,1279,2,1,500000
3031,1279,29,1,10
3032,1280,52,304,1
3033,1280,2,1,1000000
3034,1281,52,301,1
3035,1281,28,1,40
3036,1282,52,201,1
3037,1282,34,1,2
3038,1283,26,1,5
3039,1284,5,1,60
3040,1284,27,1,1
3041,1284,3,1,20
3042,1285,1,7006 1 0,1
3043,1286,1,413 1 0,1
3044,1286,1,417 1 0,1
3045,1286,28,1,600
3046,1286,26,1,10
3047,1286,24,1,20
3048,1286,29,1,30
3049,1287,1,413 1 0,1
3050,1287,1,417 1 0,1
3051,1287,28,1,300
3052,1287,26,1,10
3053,1287,24,1,20
3054,1287,29,1,15
3055,1288,1,413 1 0,1
3056,1288,28,1,300
3057,1288,26,1,10
3058,1288,24,1,20
3059,1288,29,1,5
3060,1289,1,417 1 0,1
3061,1289,28,1,300
3062,1289,26,1,10
3063,1289,24,1,20
3064,1289,29,1,5
3065,1290,26,1,10
3066,1290,24,1,15
3067,1291,26,1,8
3068,1291,24,1,10
3069,1292,26,1,5
3070,1292,24,1,5
3071,7999,1,7999 1 0,5
3072,7998,1,7999 1 0,2
3073,1293,18,1,30
3074,1293,19,1,30
3075,1294,17,1,30
3076,1294,28,1,120
3077,1295,16,1,30
3078,1295,13,1,1500
3079,1296,13,1,100
3080,1296,19,1,30
3081,1297,13,1,200
3082,1297,18,1,30
3083,1298,13,1,600
3084,1298,17,1,30
3085,1299,13,1,1000
3086,1299,16,1,30
3087,1300,36,1,500
3088,1300,19,1,30
3089,1301,53,1,5
3090,1301,18,1,20
3091,1302,29,1,15
3092,1302,17,1,30
3093,1303,36,1,2500
3094,1303,16,1,20
3095,1304,13,1,200
3096,1304,19,1,50
3097,1305,13,1,300
3098,1305,17,1,50
3099,1306,13,1,500
3100,1306,18,1,50
3101,1307,13,1,1500
3102,1307,16,1,50
3103,1308,27,1,10
3104,1309,5,1,60
3105,1309,36,1,50
3106,1309,27,1,1
3107,1310,2,1,80000
3108,1311,27,1,3
3109,1312,53,1,1
3110,1313,1,22,1
3111,1314,1,315,1
3112,1314,1,385,1
3113,1315,19,1,50
3114,1315,34,1,1
3115,1316,17,1,50
3116,1316,18,1,50
3117,1317,16,1,40
3118,1317,28,1,130
3119,1318,2,1,5000000
3120,1318,36,1,4000
3121,1319,29,1,10
3122,1319,2,1,500000
3123,1320,52,303,1
3124,1320,2,1,1000000
3125,1321,52,301,1
3126,1321,28,1,40
3127,1322,52,201,1
3128,1322,34,1,2
3129,1323,1,7006,1
3130,1324,34,1,2
3131,1325,5,1,60
3132,1325,26,1,1
3133,1326,23,1,6
3134,1326,19,1,30
3135,1327,17,1,20
3136,1327,18,1,20
3137,1328,29,1,10
3138,1328,16,1,20
3139,1329,53,1,10
3140,1329,28,1,80
3141,1330,53,1,2
3142,1330,29,1,10
3143,1331,52,302,1
3144,1331,2,1,1000000
3145,1332,52,306,1
3146,1332,28,1,40
3147,1333,52,201,1
3148,1333,34,1,2
3149,1334,27,1,10
3150,1335,53,1,1
3151,1335,13,1,100
3152,1336,1,7006,1
3153,1337,19,1,50
3154,1337,34,1,1
3155,1338,17,1,50
3156,1338,18,1,50
3157,1339,16,1,40
3158,1339,28,1,130
3159,1340,2,1,5000000
3160,1340,28,1,200
3161,1341,29,1,10
3162,1341,53,1,2
3163,1342,52,302,1
3164,1342,2,1,1000000
3165,1343,52,304,1
3166,1343,28,1,40
3167,1344,52,201,1
3168,1344,34,1,2
3169,1345,53,1,3
3170,1345,19,1,50
3171,1346,17,1,50
3172,1346,18,1,50
3173,1347,28,1,130
3174,1347,13,1,1500
3175,1348,28,1,300
3176,1348,16,1,40
3177,1349,26,1,5
3178,1350,53,1,1
3179,1350,13,1,100
3180,1351,23,1,6
3181,1351,19,1,30
3182,1352,17,1,20
3183,1352,18,1,20
3184,1353,29,1,10
3185,1353,16,1,20
3186,1354,53,1,10
3187,1354,28,1,80
3188,1355,53,1,2
3189,1355,29,1,10
3190,1356,52,302,1
3191,1356,2,1,1000000
3192,1357,52,301,1
3193,1357,28,1,40
3194,1358,52,201,1
3195,1358,34,1,2
3196,1359,27,1,10
3197,1360,23,1,10
3198,1360,19,1,50
3199,1361,17,1,50
3200,1361,18,1,50
3201,1362,16,1,50
3202,1362,28,1,100
3203,1363,28,1,300
3204,1363,13,1,1000
3205,1364,28,1,300
3206,1364,29,1,20
3207,1365,53,1,1
3208,1365,23,1,5
3209,1366,1,409 1 0,1
3210,1366,1,410 1 0,1
3211,1366,28,1,600
3212,1366,26,1,10
3213,1366,24,1,20
3214,1366,29,1,30
3215,1367,1,409 1 0,1
3216,1367,1,410 1 0,1
3217,1367,28,1,300
3218,1367,26,1,10
3219,1367,24,1,20
3220,1367,29,1,15
3221,1368,1,409 1 0,1
3222,1368,28,1,300
3223,1368,26,1,10
3224,1368,24,1,20
3225,1368,29,1,5
3226,1369,1,410 1 0,1
3227,1369,28,1,300
3228,1369,26,1,10
3229,1369,24,1,20
3230,1369,29,1,5
3231,1370,26,1,10
3232,1370,24,1,15
3233,1371,26,1,8
3234,1371,24,1,10
3235,1372,26,1,5
3236,1372,24,1,5
3237,1373,2,1,80000
3238,1374,27,1,3
3239,1375,53,1,1
3240,1376,1,34 1 0,1
3241,1377,1,49 1 0,1
3242,1377,1,389 1 0,1
3243,1378,19,1,50
3244,1378,23,1,7
3245,1379,17,1,50
3246,1379,18,1,50
3247,1380,29,1,20
3248,1380,28,1,130
3249,1381,16,1,50
3250,1381,28,1,200
3251,1382,53,1,2
3252,1382,29,1,10
3253,1383,52,302,1
3254,1383,23,1,10
3255,1384,52,306,1
3256,1384,29,1,5
3257,1385,52,201,1
3258,1385,28,1,60
3259,1386,26,1,5
3260,1387,1,7006,1
3261,1388,53,1,1
3262,1388,13,1,100
3263,1389,53,1,2
3264,1389,19,1,30
3265,1390,17,1,20
3266,1390,18,1,20
3267,1391,23,1,20
3268,1391,16,1,20
3269,1392,29,1,15
3270,1392,28,1,80
3271,1393,53,1,2
3272,1393,29,1,10
3273,1394,52,301,1
3274,1394,23,1,14
3275,1395,52,302,1
3276,1395,28,1,40
3277,1396,52,201,1
3278,1396,34,1,2
3279,1397,27,1,10
3280,1398,53,1,3
3281,1398,19,1,50
3282,1399,17,1,50
3283,1399,18,1,50
3284,1400,16,1,50
3285,1400,28,1,100
3286,1401,28,1,300
3287,1401,23,1,35
3288,1402,28,1,300
3289,1402,29,1,20
3290,1403,53,1,1
3291,1403,23,1,5
3292,1404,19,1,50
3293,1404,23,1,7
3294,1405,29,1,20
3295,1405,18,1,50
3296,1406,17,1,50
3297,1406,28,1,130
3298,1407,29,1,40
3299,1407,16,1,50
3300,1408,53,1,2
3301,1408,29,1,10
3302,1409,52,302,1
3303,1409,23,1,10
3304,1410,52,301,1
3305,1410,26,1,4
3306,1411,52,201,1
3307,1411,29,1,10
3308,1412,26,1,5
3309,1413,1,7006,1
3310,1414,53,1,2
3311,1415,53,1,2
3312,1415,19,1,30
3313,1416,17,1,20
3314,1416,18,1,20
3315,1417,34,1,3
3316,1417,29,1,15
3317,1418,16,1,20
3318,1418,53,1,6
3319,1419,53,1,2
3320,1419,29,1,10
3321,1420,52,304,1
3322,1420,23,1,14
3323,1421,52,301,1
3324,1421,26,1,3
3325,1422,52,202,1
3326,1422,34,1,2
3327,1423,1,7006 1 0,1
3328,1423,5,1,500
3329,1424,27,1,10
3330,1425,34,1,1
3331,1425,19,1,100
3332,1426,17,1,50
3333,1426,18,1,50
3334,1427,16,1,50
3335,1427,1,7006 1 0,2
3336,1428,53,1,15
3337,1428,5,1,2000
3338,1429,53,1,2
3339,1430,1,421 1 0,1
3340,1430,1,422 1 0,1
3341,1430,28,1,600
3342,1430,26,1,10
3343,1430,24,1,20
3344,1430,29,1,30
3345,1431,1,421 1 0,1
3346,1431,1,422 1 0,1
3347,1431,28,1,300
3348,1431,26,1,10
3349,1431,24,1,20
3350,1431,29,1,15
3351,1432,1,421 1 0,1
3352,1432,28,1,300
3353,1432,26,1,10
3354,1432,24,1,20
3355,1432,29,1,5
3356,1433,1,422 1 0,1
3357,1433,28,1,300
3358,1433,26,1,10
3359,1433,24,1,20
3360,1433,29,1,5
3361,1434,26,1,10
3362,1434,24,1,15
3363,1435,26,1,8
3364,1435,24,1,10
3365,1436,26,1,5
3366,1436,24,1,5
3367,1437,19,1,50
3368,1437,23,1,7
3369,1438,17,1,50
3370,1438,18,1,50
3371,1439,29,1,40
3372,1439,16,1,50
3373,1440,29,1,30
3374,1440,1,7006 1 0,4
3375,1441,53,1,2
3376,1441,29,1,10
3377,1442,52,304,1
3378,1442,23,1,10
3379,1443,52,302,1
3380,1443,26,1,4
3381,1444,52,201,1
3382,1444,29,1,10
3383,1445,26,1,5
3384,1446,53,1,2
3385,1446,19,1,50
3386,1447,17,1,50
3387,1447,18,1,50
3388,1448,16,1,50
3389,1448,29,1,30
3390,1449,53,1,15
3391,1449,5,1,2000
3392,1450,17,1,30
3393,1450,19,1,100
3394,1451,16,1,30
3395,1451,18,1,30
3396,1452,1,7006 1 0,3
3397,1452,53,1,20
3398,1453,53,1,2
3399,1453,19,1,30
3400,1454,17,1,20
3401,1454,18,1,20
3402,1455,34,1,3
3403,1455,16,1,20
3404,1456,53,1,6
3405,1456,1,7006 1 0,2
3406,1457,53,1,2
3407,1457,29,1,10
3408,1458,52,302,1
3409,1458,23,1,14
3410,1459,52,301,1
3411,1459,29,1,15
3412,1460,52,201,1
3413,1460,34,1,2
3414,1461,17,1,60
3415,1461,19,1,100
3416,1462,53,1,10
3417,1462,18,1,60
3418,1463,1,7006 1 0,3
3419,1463,16,1,60
3420,1464,1,7006 1 0,15
3421,1465,2,1,80000
3422,1466,27,1,3
3423,1467,53,1,1
3424,1468,1,67 1 0,1
3425,1469,1,5 1 0,1
3426,1469,1,292 1 0,1
3427,1470,27,1,10
3428,1471,53,1,1
3429,1471,29,1,3
3430,1472,2,1,1000000
3431,1472,19,1,100
3432,1473,17,1,30
3433,1473,18,1,30
3434,1474,16,1,30
3435,1474,29,1,10
3436,1475,19,1,50
3437,1475,23,1,7
3438,1476,17,1,50
3439,1476,18,1,50
3440,1477,28,1,300
3441,1477,16,1,50
3442,1478,53,1,15
3443,1478,1,7006 1 0,4
3444,1479,53,1,2
3445,1479,29,1,10
3446,1480,52,306,1
3447,1480,23,1,10
3448,1481,52,301,1
3449,1481,26,1,4
3450,1482,52,201,1
3451,1482,29,1,10
3452,1483,26,1,5
3453,1484,17,1,30
3454,1484,19,1,100
3455,1485,16,1,30
3456,1485,18,1,30
3457,1486,5,1,3000
3458,1486,1,7006 1 0,3
3459,1487,5,1,300
3460,1487,26,1,1
3461,1488,1,22 1 0,1
3462,1489,2,1,1000000
3463,1489,19,1,100
3464,1490,17,1,30
3465,1490,18,1,30
3466,1491,16,1,30
3467,1491,2,1,2000000
3468,1492,28,1,25
3469,1492,19,1,30
3470,1493,17,1,20
3471,1493,18,1,20
3472,1494,28,1,100
3473,1494,16,1,20
3474,1495,53,1,6
3475,1495,1,7006 1 0,2
3476,1496,53,1,2
3477,1496,23,1,15
3478,1497,52,302,1
3479,1497,29,1,10
3480,1498,52,301,1
3481,1498,28,1,100
3482,1499,52,201,1
3483,1499,1,7006 1 0,1
3484,1500,27,1,10
3485,1501,53,1,2
3486,6100,2,1,100000
3487,6100,27,1,2
3488,6100,26,1,2
3489,6101,5,1,300
3490,6101,34,1,3
3491,6101,53,1,3
3492,6101,26,1,3
3493,6101,28,1,150
3494,6101,1,7010 1 0,1
3495,6201,5,1,3000
3496,6201,26,1,10
3497,6201,53,1,10
3498,6201,34,1,10
3499,6201,2,1,6666666
3500,6201,105,5006,1
3501,6202,5,1,1500
3502,6202,26,1,8
3503,6202,53,1,8
3504,6202,34,1,8
3505,6202,2,1,666666
3506,6203,5,1,1000
3507,6203,26,1,5
3508,6203,53,1,5
3509,6203,34,1,5
3510,6203,2,1,66666
3511,6204,5,1,600
3512,6204,26,1,3
3513,6204,53,1,3
3514,6204,34,1,3
3515,6204,2,1,66666
3516,6301,26,1,5
3517,6301,34,1,2
3518,6301,2,1,100000
3519,6302,26,1,3
3520,6302,34,1,1
3521,6302,2,1,100000
3522,1502,1,405 1 0,1
3523,1502,1,406 1 0,1
3524,1502,28,1,600
3525,1502,26,1,10
3526,1502,24,1,20
3527,1502,29,1,30
3528,1503,1,405 1 0,1
3529,1503,1,406 1 0,1
3530,1503,28,1,300
3531,1503,26,1,10
3532,1503,24,1,20
3533,1503,29,1,15
3534,1504,1,405 1 0,1
3535,1504,28,1,300
3536,1504,26,1,10
3537,1504,24,1,20
3538,1504,29,1,5
3539,1505,1,406 1 0,1
3540,1505,28,1,300
3541,1505,26,1,10
3542,1505,24,1,20
3543,1505,29,1,5
3544,1506,26,1,10
3545,1506,24,1,15
3546,1507,26,1,8
3547,1507,24,1,10
3548,1508,26,1,5
3549,1508,24,1,5
3550,1509,1,409 1 0,1
3551,1509,1,410 1 0,1
3552,1509,28,1,600
3553,1509,26,1,10
3554,1509,24,1,20
3555,1509,29,1,30
3556,1510,1,409 1 0,1
3557,1510,1,410 1 0,1
3558,1510,28,1,300
3559,1510,26,1,10
3560,1510,24,1,20
3561,1510,29,1,15
3562,1511,1,409 1 0,1
3563,1511,28,1,300
3564,1511,26,1,10
3565,1511,24,1,20
3566,1511,29,1,5
3567,1512,1,410 1 0,1
3568,1512,28,1,300
3569,1512,26,1,10
3570,1512,24,1,20
3571,1512,29,1,5
3572,1513,26,1,10
3573,1513,24,1,15
3574,1514,26,1,8
3575,1514,24,1,10
3576,1515,26,1,5
3577,1515,24,1,5
3578,1516,1,425 1 0,1
3579,1516,1,426 1 0,1
3580,1516,28,1,600
3581,1516,26,1,10
3582,1516,24,1,20
3583,1516,29,1,30
3584,1517,1,425 1 0,1
3585,1517,1,426 1 0,1
3586,1517,28,1,300
3587,1517,26,1,10
3588,1517,24,1,20
3589,1517,29,1,15
3590,1518,1,425 1 0,1
3591,1518,28,1,300
3592,1518,26,1,10
3593,1518,24,1,20
3594,1518,29,1,5
3595,1519,1,426 1 0,1
3596,1519,28,1,300
3597,1519,26,1,10
3598,1519,24,1,20
3599,1519,29,1,5
3600,1520,1,429 1 0,1
3601,1520,1,430 1 0,1
3602,1520,28,1,600
3603,1520,26,1,10
3604,1520,24,1,20
3605,1520,29,1,30
3606,1521,1,429 1 0,1
3607,1521,1,430 1 0,1
3608,1521,28,1,300
3609,1521,26,1,10
3610,1521,24,1,20
3611,1521,29,1,15
3612,1522,1,429 1 0,1
3613,1522,28,1,300
3614,1522,26,1,10
3615,1522,24,1,20
3616,1522,29,1,5
3617,1523,1,430 1 0,1
3618,1523,28,1,300
3619,1523,26,1,10
3620,1523,24,1,20
3621,1523,29,1,5
3622,8001,5,1,200
3623,8001,3,1,100
3624,8001,2,1,500000
3625,1524,1,435 1 0,1
3626,1524,1,436 1 0,1
3627,1524,28,1,600
3628,1524,26,1,10
3629,1524,24,1,20
3630,1524,29,1,30
3631,1525,1,435 1 0,1
3632,1525,1,436 1 0,1
3633,1525,28,1,300
3634,1525,26,1,10
3635,1525,24,1,20
3636,1525,29,1,15
3637,1526,1,435 1 0,1
3638,1526,28,1,300
3639,1526,26,1,10
3640,1526,24,1,20
3641,1526,29,1,5
3642,1527,1,436 1 0,1
3643,1527,28,1,300
3644,1527,26,1,10
3645,1527,24,1,20
3646,1527,29,1,5
3647,8002,5,1,188
3648,8002,3,1,88
3649,8002,2,1,80000
3650,6500,55,1,300
3651,6500,28,1,200
3652,6500,26,1,10
3653,6500,24,1,6
3654,6500,29,1,8
3655,6501,55,1,200
3656,6501,28,1,100
3657,6501,26,1,8
3658,6501,24,1,5
3659,6501,29,1,4
3660,6502,55,1,150
3661,6502,28,1,80
3662,6502,26,1,7
3663,6502,24,1,5
3664,6502,29,1,2
3665,6503,55,1,100
3666,6503,28,1,60
3667,6503,26,1,5
3668,6503,24,1,4
3669,6503,29,1,1
3670,6504,55,1,80
3671,6504,26,1,3
3672,6504,24,1,3
3673,6505,55,1,50
3674,6505,26,1,2
3675,6505,24,1,1
3676,6506,13,1,50
3677,6507,13,1,60
3678,6508,13,1,80
3679,6508,23,1,3
3680,6509,13,1,110
3681,6509,23,1,5
3682,6510,13,1,150
3683,6510,23,1,7
3684,8003,5,1,200
3685,8003,3,1,100
3686,8003,2,1,500000
3687,7154,50,1,500
3688,7057,200,58,300
3689,7057,200,59,10
3690,7057,50,1,300
3691,6511,21,1,10
3692,6511,3,1,80
3693,6512,5,1,350
3694,8004,5,1,200
3695,8004,3,1,100
3696,8004,2,1,500000
3697,8004,200,58,100
3698,8004,200,59,2
3699,1528,5,1,100
3700,1528,53,1,1
3701,6513,28,1,200
3702,6514,28,1,150
3703,6515,28,1,100
3704,6516,28,1,50
3705,6517,26,1,20
3706,6518,26,1,15
3707,6519,26,1,10
3708,6520,26,1,5
3709,6521,2,1,4000000
3710,6522,2,1,3000000
3711,6523,2,1,2000000
3712,6524,2,1,1000000
3713,6525,26,1,20
3714,6526,26,1,15
3715,6527,26,1,10
3716,6528,26,1,5
3717,6529,53,1,10
3718,6530,53,1,8
3719,6531,53,1,5
3720,6532,53,1,3
3721,6533,34,1,10
3722,6534,34,1,8
3723,6535,34,1,5
3724,6536,34,1,3
3725,6537,5,1,12000
3726,6538,5,1,5000
3727,6539,5,1,2000
3728,6540,5,1,800
3729,6541,19,1,5
3730,6541,27,1,2
3731,6542,19,1,10
3732,6542,26,1,1
3733,6543,19,1,12
3734,6543,26,1,1
3735,6543,27,1,2
3736,6544,19,1,15
3737,6544,26,1,2
3738,6544,27,1,1
3739,6545,19,1,18
3740,6545,26,1,2
3741,6545,29,1,1
3742,6546,19,1,20
3743,6546,26,1,3
3744,6546,29,1,1
3745,6547,19,1,22
3746,6547,26,1,3
3747,6547,29,1,1
3748,6547,27,1,2
3749,6548,19,1,25
3750,6548,26,1,4
3751,6548,29,1,1
3752,6549,19,1,30
3753,6549,26,1,4
3754,6549,29,1,2
3755,6550,19,1,36
3756,6550,26,1,4
3757,6550,29,1,3
3758,6551,19,1,40
3759,6551,26,1,4
3760,6551,29,1,4
3761,6552,53,1,1
3762,6552,26,1,4
3763,6552,29,1,5
3764,6553,53,1,1
3765,6553,26,1,4
3766,6553,29,1,6
3767,6553,34,1,1
3768,6554,53,1,2
3769,6554,26,1,5
3770,6554,29,1,7
3771,6554,34,1,1
3772,6555,53,1,2
3773,6555,26,1,5
3774,6555,29,1,8
3775,6555,34,1,2
3776,6556,53,1,3
3777,6556,26,1,6
3778,6556,29,1,10
3779,6556,34,1,3
3780,8005,5,1,200
3781,8005,3,1,100
3782,8005,2,1,500000
3783,8006,104,5011,1
3784,8007,5,1,200
3785,8007,200,60,80
3786,8007,200,61,200
3787,8007,200,62,100
3788,1529,54,1,1
3789,1529,34,1,1
3790,8008,5,1,200
3791,8008,200,60,50
3792,8008,200,61,300
3793,8008,200,62,100
3794,8009,5,1,200
3795,8009,200,67,2
3796,8009,200,68,30
3797,8009,2,1,300000
3798,8011,5,1,200
3799,8011,26,1,2
3800,8011,200,60,10
3801,8011,2,1,300000
3802,6602,16,1,5
3803,6602,26,1,3
3804,6602,2,1,1000000
3805,6603,200,67,3
3806,6603,26,1,5
3807,6603,2,1,2000000
3808,6604,200,67,5
3809,6604,1,7006,1
3810,6604,2,1,5000000
3811,6604,200,62,100
3812,6605,200,67,12
3813,6605,1,7006,3
3814,6605,2,1,8000000
3815,6605,200,62,400
3816,6606,200,67,20
3817,6606,1,7006,6
3818,6606,2,1,15000000
3819,6606,200,62,800
3820,6608,2,1,500000
3821,6608,5,1,200
3822,6608,26,1,3
3823,6608,27,1,5
3824,6609,2,1,50000
3825,6609,55,1,10
3826,6609,27,1,2
3827,6610,2,1,40000
3828,6610,55,1,5
3829,6610,23,1,5
3830,6611,2,1,80000
3831,6611,55,1,5
3832,6611,24,1,4
3833,6612,2,1,120000
3834,6612,55,1,10
3835,6612,26,1,1
3836,6613,2,1,160000
3837,6613,55,1,15
3838,6613,16,1,2
3839,6614,2,1,200000
3840,6614,55,1,20
3841,6614,53,1,1
3842,6616,2,1,200000
3843,6616,55,1,30
3844,6616,27,1,5
3845,6617,2,1,300000
3846,6617,55,1,60
3847,6617,24,1,12
3848,6618,2,1,400000
3849,6618,55,1,90
3850,6618,26,1,4
3851,6619,2,1,500000
3852,6619,55,1,120
3853,6619,53,1,3
3854,6620,2,1,2000000
3855,6620,55,1,1000
3856,6620,26,1,20
3857,6620,200,60,600
3858,6620,105,5002,1
3859,6621,2,1,1800000
3860,6621,55,1,900
3861,6621,26,1,18
3862,6621,200,60,550
3863,6621,105,5003,1
3864,6622,2,1,1600000
3865,6622,55,1,800
3866,6622,26,1,16
3867,6622,200,60,500
3868,6622,105,5003,1
3869,6623,2,1,1400000
3870,6623,55,1,700
3871,6623,26,1,14
3872,6623,200,60,460
3873,6623,105,5003,1
3874,6624,2,1,1200000
3875,6624,55,1,600
3876,6624,26,1,12
3877,6624,200,60,420
3878,6624,105,5003,1
3879,6625,2,1,1000000
3880,6625,55,1,500
3881,6625,26,1,10
3882,6625,200,60,380
3883,6625,105,5004,1
3884,6626,2,1,900000
3885,6626,55,1,450
3886,6626,26,1,9
3887,6626,200,60,340
3888,6626,105,5004,1
3889,6627,2,1,800000
3890,6627,55,1,400
3891,6627,26,1,8
3892,6627,200,60,300
3893,6627,105,5004,1
3894,6628,2,1,700000
3895,6628,55,1,350
3896,6628,26,1,7
3897,6628,200,60,260
3898,6628,105,5005,1
3899,6629,2,1,600000
3900,6629,55,1,300
3901,6629,26,1,6
3902,6629,200,60,220
3903,6629,105,5005,1
3904,6630,2,1,500000
3905,6630,55,1,250
3906,6630,26,1,5
3907,6630,200,60,180
3908,6630,105,5005,1
3909,6631,2,1,400000
3910,6631,55,1,200
3911,6631,26,1,4
3912,6631,200,60,140
3913,6631,105,5005,1
3914,6632,2,1,300000
3915,6632,55,1,150
3916,6632,26,1,3
3917,6632,200,60,100
3918,6633,2,1,200000
3919,6633,55,1,100
3920,6633,26,1,2
3921,6633,200,60,80
3922,6634,2,1,100000
3923,6634,55,1,50
3924,6634,26,1,1
3925,6634,200,60,40
3926,6635,2,1,400000
3927,6636,27,1,2
3928,6637,200,60,20
3929,6638,2,1,600000
3930,6639,27,1,5
3931,6640,200,60,30
3932,6641,2,1,1000000
3933,6642,27,1,8
3934,6643,200,60,50
3935,6644,34,1,2
3936,6645,34,1,3
3937,6701,2,0,40000
3938,6701,200,73,50
3939,6701,200,72,100
3940,6702,2,0,80000
3941,6702,200,73,100
3942,6702,200,72,200
3943,6703,2,0,120000
3944,6703,200,73,150
3945,6703,200,72,300
3946,6704,2,0,160000
3947,6704,200,73,200
3948,6704,200,72,400
3949,6705,2,0,200000
3950,6705,200,73,250
3951,6705,200,72,500
3952,6706,2,0,240000
3953,6706,200,73,300
3954,6706,200,72,600
3955,6707,2,0,280000
3956,6707,200,73,350
3957,6707,200,72,700
3958,6708,2,0,320000
3959,6708,200,73,400
3960,6708,200,72,800
3961,6709,2,0,360000
3962,6709,200,73,450
3963,6709,200,72,900
3964,6710,2,0,400000
3965,6710,200,73,500
3966,6710,200,72,1000
3967,6801,2,0,2000000
3968,6801,27,0,15
3969,6801,200,73,5000
3970,6801,200,72,5000
3971,6801,105,5012,1
3972,6802,2,0,1800000
3973,6802,27,0,12
3974,6802,200,73,4500
3975,6802,200,72,4500
3976,6803,2,0,1600000
3977,6803,27,0,10
3978,6803,200,73,4000
3979,6803,200,72,4000
3980,6804,2,0,1400000
3981,6804,27,0,8
3982,6804,200,73,3500
3983,6804,200,72,3500
3984,6805,2,0,1200000
3985,6805,27,0,6
3986,6805,200,73,3000
3987,6805,200,72,3000
3988,6806,2,0,1000000
3989,6806,27,0,5
3990,6806,200,73,2500
3991,6806,200,72,2500
3992,6807,2,0,800000
3993,6807,27,0,4
3994,6807,200,73,2000
3995,6807,200,72,2000
3996,6808,2,0,600000
3997,6808,27,0,3
3998,6808,200,73,1500
3999,6808,200,72,1500
4000,6809,2,0,400000
4001,6809,27,0,2
4002,6809,200,73,1000
4003,6809,200,72,1000
4004,6810,2,0,200000
4005,6810,27,0,1
4006,6810,200,73,500
4007,6810,200,72,500
4008,6901,103,21,400
4009,6901,2,0,100000
4010,6902,103,21,300
4011,6902,2,0,80000
4012,6903,103,21,250
4013,6903,2,0,70000
4014,6904,103,21,200
4015,6904,2,0,60000
4016,6905,103,21,150
4017,6905,2,0,50000
4018,6906,103,21,100
4019,6906,2,0,40000
4020,6907,103,21,50
4021,6907,2,0,20000
4022,9001,103,21,2
4023,9001,2,0,20000
4024,9002,103,21,10
4025,9002,2,0,40000
4026,9002,39,0,1
4027,9003,103,21,2
4028,9003,2,0,20000
4029,9004,103,21,20
4030,9004,2,0,100000
4031,9004,24,0,1
4032,9005,103,21,2
4033,9005,2,0,20000
4034,9006,103,21,50
4035,9006,2,0,200000
4036,9006,29,0,1
